-7.2643,-7.6177,-7.9687,-8.3171,-8.663,-9.0061,-9.3464,-9.6838,-10.018,-10.349,-10.677,-11.002,-11.323,-11.641,-11.955,-12.266,-12.572,-12.875,-13.173,-13.468,-13.758,-14.045,-14.326,-14.604,-14.876,-15.145,-15.408,-15.667,-15.921,-16.17,-16.414,-16.653,-16.886,-17.115,-17.338,-17.556,-17.768,-17.975,-18.177,-18.372,-18.563,-18.747,-18.926,-19.098,-19.265,-19.426,-19.581,-19.73,-19.873,-20.009,-20.14,-20.264,-20.382,-20.494,-20.599,-20.698,-20.791,-20.877,-20.957,-21.03,-21.097,-21.158,-21.211,-21.259,-21.3,-21.334,-21.361,-21.382,-21.397,-21.405,-21.406,-21.401,-21.389,-21.37,-21.345,-21.313,-21.275,-21.23,-21.179,-21.121,-21.057,-20.986,-20.908,-20.825,-20.734,-20.638,-20.535,-20.425,-20.31,-20.188,-20.06,-19.926,-19.785,-19.639,-19.486,-19.327,-19.163,-18.992,-18.816,-18.634,-18.446,-18.252,-18.053,-17.848,-17.638,-17.422,-17.201,-16.974,-16.743,-16.506,-16.264,-16.017,-15.765,-15.508,-15.246,-14.98,-14.709,-14.433,-14.153,-13.868,-13.58,-13.287,-12.99,-12.688,-12.383,-12.074,-11.762,-11.445,-11.125,-10.802,-10.475,-10.145,-9.8122,-9.4759,-9.1367,-8.7947,-8.4498,-8.1023,-7.7523,-7.3999,-7.0451,-6.6881,-6.3289,-5.9678,-5.6048,-5.2399,-4.8735,-4.5054,-4.1359,-3.7651,-3.393,-3.0198,-2.6457,-2.2706,-1.8948,-1.5183,-1.1413,-0.76388,-0.38613,-0.0081881,0.36983,0.74782,1.1257,1.5032,1.8804,2.2571,2.6332,3.0086,3.3831,3.7566,4.1291,4.5005,4.8705,5.2391,5.6062,5.9717,6.3354,6.6973,7.0572,7.415,7.7707,8.124,8.475,8.8235,9.1693,9.5125,9.8528,10.19,10.525,10.856,11.184,11.508,11.83,12.147,12.462,12.772,13.078,13.381,13.68,13.974,14.265,14.551,14.833,15.11,15.383,15.651,15.915,16.173,16.427,16.676,16.92,17.159,17.393,17.621,17.844,18.062,18.275,18.482,18.683,18.879,19.069,19.253,19.432,19.605,19.771,19.932,20.087,20.236,20.379,20.516,20.646,20.77,20.888,21,21.105,21.205,21.297,21.383,21.463,21.537,21.604,21.664,21.718,21.765,21.806,21.84,21.868,21.889,21.903,21.911,21.912,21.907,21.895,21.877,21.851,21.82,21.781,21.737,21.685,21.627,21.563,21.492,21.415,21.331,21.241,21.144,21.041,20.932,20.816,20.694,20.566,20.432,20.291,20.145,19.992,19.834,19.669,19.499,19.322,19.14,18.952,18.759,18.559,18.355,18.144,17.928,17.707,17.481,17.249,17.012,16.77,16.523,16.271,16.014,15.752,15.486,15.215,14.939,14.659,14.375,14.086,13.793,13.496,13.195,12.89,12.581,12.268,11.952,11.632,11.308,10.982,10.652,10.319,9.9823,9.6431,9.301,8.9562,8.6087,8.2587,7.9062,7.5514,7.1944,6.8353,6.4741,6.1111,5.7463,5.3798,5.0117,4.6422,4.2714,3.8993,3.5262,3.152,2.7769,2.4011,2.0247,1.6476,1.2702,0.89246,0.51451,0.13649,-0.24149,-0.61933,-0.9969,-1.3741,-1.7508,-2.1269,-2.5022,-2.8767,-3.2503,-3.6228,-3.9941,-4.3642,-4.7328,-5.0999,-5.4653,-5.8291,-6.1909,-6.5508,-6.9087
-24.585,-25.14,-25.686,-26.225,-26.756,-27.279,-27.793,-28.299,-28.797,-29.285,-29.765,-30.236,-30.698,-31.15,-31.593,-32.026,-32.45,-32.863,-33.267,-33.661,-34.044,-34.417,-34.78,-35.132,-35.473,-35.804,-36.124,-36.432,-36.73,-37.017,-37.292,-37.556,-37.808,-38.049,-38.279,-38.497,-38.703,-38.898,-39.08,-39.251,-39.41,-39.557,-39.691,-39.814,-39.925,-40.024,-40.11,-40.184,-40.246,-40.296,-40.334,-40.359,-40.372,-40.373,-40.361,-40.337,-40.301,-40.253,-40.193,-40.12,-40.035,-39.938,-39.829,-39.708,-39.574,-39.429,-39.271,-39.102,-38.921,-38.728,-38.523,-38.307,-38.079,-37.839,-37.588,-37.326,-37.052,-36.767,-36.47,-36.163,-35.844,-35.515,-35.175,-34.824,-34.463,-34.091,-33.709,-33.317,-32.915,-32.502,-32.08,-31.648,-31.206,-30.755,-30.294,-29.825,-29.346,-28.858,-28.362,-27.857,-27.344,-26.822,-26.292,-25.754,-25.208,-24.655,-24.094,-23.526,-22.951,-22.369,-21.78,-21.184,-20.582,-19.974,-19.36,-18.74,-18.114,-17.483,-16.846,-16.204,-15.558,-14.906,-14.251,-13.591,-12.926,-12.258,-11.586,-10.911,-10.232,-9.5507,-8.8661,-8.1789,-7.4892,-6.7972,-6.1032,-5.4074,-4.71,-4.0112,-3.3112,-2.6102,-1.9084,-1.2061,-0.50346,0.1993,0.90196,1.6043,2.3062,3.0073,3.7074,4.4064,5.104,5.8,6.4943,7.1865,7.8765,8.564,9.249,9.931,10.61,11.286,11.958,12.627,13.291,13.952,14.608,15.26,15.907,16.55,17.187,17.819,18.445,19.066,19.681,20.29,20.893,21.49,22.079,22.662,23.238,23.807,24.369,24.923,25.47,26.009,26.54,27.063,27.577,28.083,28.581,29.069,29.549,30.02,30.482,30.934,31.377,31.81,32.234,32.647,33.051,33.445,33.828,34.201,34.564,34.916,35.257,35.588,35.907,36.216,36.514,36.8,37.076,37.34,37.592,37.833,38.063,38.281,38.487,38.681,38.864,39.035,39.194,39.34,39.475,39.598,39.709,39.807,39.894,39.968,40.03,40.08,40.117,40.143,40.156,40.156,40.145,40.121,40.085,40.037,39.976,39.904,39.819,39.722,39.613,39.491,39.358,39.213,39.055,38.886,38.705,38.512,38.307,38.091,37.863,37.623,37.372,37.109,36.835,36.55,36.254,35.947,35.628,35.299,34.959,34.608,34.247,33.875,33.493,33.101,32.698,32.286,31.864,31.431,30.99,30.539,30.078,29.609,29.13,28.642,28.146,27.641,27.127,26.606,26.076,25.538,24.992,24.439,23.878,23.31,22.735,22.153,21.564,20.968,20.366,19.758,19.144,18.524,17.898,17.266,16.63,15.988,15.342,14.69,14.034,13.374,12.71,12.042,11.37,10.695,10.016,9.3345,8.6499,7.9627,7.273,6.581,5.887,5.1912,4.4938,3.795,3.0949,2.394,1.6922,0.98989,0.28725,-0.41551,-1.1182,-1.8205,-2.5224,-3.2235,-3.9236,-4.6226,-5.3202,-6.0163,-6.7105,-7.4027,-8.0927,-8.7802,-9.4652,-10.147,-10.826,-11.502,-12.174,-12.843,-13.508,-14.168,-14.825,-15.476,-16.124,-16.766,-17.403,-18.035,-18.662,-19.283,-19.898,-20.507,-21.109,-21.706,-22.296,-22.879,-23.455,-24.024
-52.924,-54.002,-55.063,-56.107,-57.133,-58.143,-59.134,-60.107,-61.061,-61.997,-62.914,-63.811,-64.689,-65.547,-66.385,-67.202,-67.999,-68.775,-69.529,-70.263,-70.975,-71.665,-72.332,-72.978,-73.602,-74.202,-74.78,-75.335,-75.867,-76.376,-76.861,-77.322,-77.76,-78.174,-78.564,-78.93,-79.272,-79.589,-79.882,-80.15,-80.394,-80.613,-80.807,-80.977,-81.122,-81.242,-81.336,-81.406,-81.451,-81.471,-81.466,-81.436,-81.381,-81.302,-81.197,-81.067,-80.912,-80.733,-80.528,-80.3,-80.046,-79.768,-79.465,-79.138,-78.787,-78.411,-78.012,-77.588,-77.141,-76.67,-76.175,-75.658,-75.116,-74.552,-73.965,-73.355,-72.723,-72.069,-71.392,-70.693,-69.973,-69.231,-68.468,-67.684,-66.879,-66.053,-65.207,-64.341,-63.456,-62.55,-61.626,-60.683,-59.721,-58.74,-57.742,-56.726,-55.692,-54.641,-53.574,-52.49,-51.389,-50.273,-49.141,-47.995,-46.833,-45.657,-44.467,-43.263,-42.046,-40.816,-39.573,-38.318,-37.051,-35.773,-34.484,-33.184,-31.873,-30.553,-29.223,-27.884,-26.537,-25.181,-23.818,-22.447,-21.068,-19.684,-18.293,-16.896,-15.495,-14.088,-12.677,-11.261,-9.8424,-8.4203,-6.9955,-5.5683,-4.1393,-2.7089,-1.2774,0.15459,1.5867,3.0186,4.4497,5.8796,7.3079,8.7342,10.158,11.579,12.996,14.41,15.82,17.224,18.624,20.019,21.407,22.789,24.164,25.532,26.893,28.245,29.59,30.925,32.251,33.567,34.873,36.169,37.454,38.728,39.99,41.24,42.478,43.703,44.915,46.113,47.298,48.468,49.624,50.765,51.89,53,54.094,55.172,56.232,57.276,58.303,59.312,60.304,61.277,62.231,63.167,64.084,64.981,65.859,66.717,67.555,68.372,69.169,69.945,70.699,71.433,72.144,72.834,73.502,74.148,74.771,75.372,75.95,76.505,77.037,77.545,78.031,78.492,78.93,79.344,79.734,80.1,80.441,80.759,81.052,81.32,81.564,81.783,81.977,82.147,82.291,82.411,82.506,82.576,82.621,82.641,82.636,82.606,82.551,82.471,82.366,82.237,82.082,81.903,81.698,81.469,81.216,80.938,80.635,80.308,79.957,79.581,79.182,78.758,78.311,77.84,77.345,76.827,76.286,75.722,75.135,74.525,73.893,73.238,72.562,71.863,71.143,70.401,69.637,68.853,68.048,67.223,66.377,65.511,64.625,63.72,62.796,61.853,60.891,59.91,58.912,57.896,56.862,55.811,54.743,53.659,52.559,51.443,50.311,49.165,48.003,46.827,45.637,44.433,43.216,41.986,40.743,39.488,38.221,36.943,35.653,34.353,33.043,31.723,30.393,29.054,27.707,26.351,24.987,23.616,22.238,20.854,19.463,18.066,16.664,15.258,13.846,12.431,11.012,9.5901,8.1652,6.7381,5.3091,3.8787,2.4472,1.0152,-0.41695,-1.8488,-3.2799,-4.7098,-6.1381,-7.5644,-8.9882,-10.409,-11.827,-13.24,-14.65,-16.055,-17.454,-18.849,-20.237,-21.619,-22.995,-24.363,-25.723,-27.076,-28.42,-29.755,-31.081,-32.397,-33.704,-34.999,-36.284,-37.558,-38.82,-40.071,-41.308,-42.533,-43.745,-44.944,-46.128,-47.298,-48.454,-49.595,-50.72,-51.83
-11.161,-11.829,-12.494,-13.155,-13.811,-14.463,-15.11,-15.753,-16.39,-17.022,-17.648,-18.269,-18.884,-19.493,-20.095,-20.691,-21.281,-21.864,-22.44,-23.008,-23.57,-24.124,-24.67,-25.209,-25.739,-26.262,-26.776,-27.282,-27.779,-28.267,-28.747,-29.217,-29.678,-30.13,-30.573,-31.005,-31.428,-31.842,-32.245,-32.638,-33.021,-33.393,-33.755,-34.107,-34.448,-34.778,-35.097,-35.405,-35.702,-35.988,-36.262,-36.526,-36.778,-37.018,-37.247,-37.464,-37.67,-37.863,-38.045,-38.215,-38.373,-38.519,-38.653,-38.775,-38.885,-38.983,-39.069,-39.142,-39.203,-39.252,-39.289,-39.314,-39.326,-39.326,-39.313,-39.289,-39.252,-39.203,-39.141,-39.068,-38.982,-38.884,-38.774,-38.652,-38.518,-38.371,-38.213,-38.043,-37.861,-37.667,-37.461,-37.244,-37.015,-36.774,-36.522,-36.259,-35.984,-35.698,-35.401,-35.093,-34.773,-34.443,-34.102,-33.751,-33.388,-33.016,-32.633,-32.239,-31.836,-31.423,-31,-30.567,-30.124,-29.672,-29.211,-28.74,-28.261,-27.772,-27.275,-26.769,-26.255,-25.732,-25.202,-24.663,-24.117,-23.562,-23.001,-22.432,-21.856,-21.273,-20.683,-20.087,-19.484,-18.875,-18.26,-17.64,-17.013,-16.381,-15.744,-15.102,-14.454,-13.802,-13.146,-12.485,-11.82,-11.152,-10.479,-9.8034,-9.1243,-8.442,-7.7569,-7.0692,-6.379,-5.6866,-4.9921,-4.2959,-3.598,-2.8987,-2.1983,-1.4969,-0.79479,-0.092121,0.61087,1.314,2.0169,2.7196,3.4217,4.1231,4.8235,5.5228,6.2206,6.9168,7.6113,8.3037,8.9938,9.6815,10.367,11.049,11.728,12.404,13.076,13.745,14.41,15.07,15.727,16.378,17.026,17.668,18.305,18.937,19.563,20.184,20.799,21.408,22.01,22.607,23.196,23.779,24.355,24.924,25.485,26.039,26.586,27.124,27.655,28.177,28.691,29.197,29.694,30.183,30.662,31.132,31.594,32.045,32.488,32.921,33.344,33.757,34.16,34.553,34.936,35.309,35.671,36.022,36.363,36.693,37.012,37.32,37.617,37.903,38.178,38.441,38.693,38.933,39.162,39.379,39.585,39.779,39.961,40.131,40.289,40.435,40.569,40.691,40.801,40.898,40.984,41.058,41.119,41.168,41.204,41.229,41.241,41.241,41.229,41.204,41.167,41.118,41.057,40.983,40.897,40.799,40.689,40.567,40.433,40.287,40.128,39.958,39.776,39.582,39.377,39.159,38.93,38.69,38.438,38.174,37.899,37.613,37.316,37.008,36.689,36.358,36.017,35.666,35.304,34.931,34.548,34.155,33.751,33.338,32.915,32.482,32.039,31.587,31.126,30.656,30.176,29.688,29.19,28.684,28.17,27.648,27.117,26.578,26.032,25.478,24.916,24.347,23.771,23.188,22.599,22.002,21.4,20.791,20.176,19.555,18.928,18.296,17.659,17.017,16.37,15.718,15.061,14.401,13.736,13.067,12.395,11.719,11.04,10.357,9.6723,8.9845,8.2943,7.6019,6.9075,6.2112,5.5133,4.8141,4.1137,3.4123,2.7101,2.0075,1.3045,0.60138,-0.10161,-0.80427,-1.5064,-2.2078,-2.9082,-3.6074,-4.3053,-5.0015,-5.6959,-6.3883,-7.0785,-7.7662,-8.4513,-9.1334,-9.8126,-10.488
-17.531,-18.436,-19.335,-20.228,-21.114,-21.993,-22.865,-23.729,-24.585,-25.433,-26.272,-27.103,-27.925,-28.738,-29.542,-30.336,-31.12,-31.894,-32.657,-33.41,-34.152,-34.883,-35.603,-36.311,-37.008,-37.693,-38.365,-39.026,-39.674,-40.309,-40.931,-41.54,-42.135,-42.718,-43.286,-43.841,-44.382,-44.909,-45.421,-45.919,-46.402,-46.87,-47.324,-47.762,-48.186,-48.594,-48.986,-49.363,-49.724,-50.07,-50.4,-50.713,-51.011,-51.292,-51.557,-51.806,-52.038,-52.254,-52.453,-52.636,-52.802,-52.951,-53.084,-53.2,-53.299,-53.381,-53.446,-53.494,-53.525,-53.539,-53.537,-53.517,-53.481,-53.427,-53.357,-53.27,-53.165,-53.044,-52.907,-52.752,-52.581,-52.393,-52.189,-51.968,-51.73,-51.476,-51.206,-50.92,-50.617,-50.298,-49.964,-49.613,-49.247,-48.865,-48.468,-48.055,-47.627,-47.184,-46.726,-46.253,-45.765,-45.263,-44.746,-44.215,-43.67,-43.111,-42.538,-41.951,-41.351,-40.738,-40.112,-39.473,-38.821,-38.157,-37.481,-36.792,-36.092,-35.38,-34.657,-33.922,-33.176,-32.42,-31.653,-30.876,-30.089,-29.292,-28.486,-27.67,-26.845,-26.012,-25.169,-24.319,-23.46,-22.594,-21.72,-20.839,-19.951,-19.056,-18.154,-17.247,-16.334,-15.415,-14.49,-13.561,-12.627,-11.688,-10.746,-9.7988,-8.8485,-7.8948,-6.9381,-5.9786,-5.0167,-4.0526,-3.0866,-2.1191,-1.1503,-0.18045,0.79006,1.761,2.732,3.7028,4.6731,5.6426,6.6111,7.5782,8.5436,9.507,10.468,11.427,12.383,13.335,14.285,15.23,16.172,17.109,18.042,18.969,19.892,20.809,21.721,22.626,23.526,24.418,25.304,26.183,27.055,27.919,28.775,29.623,30.463,31.294,32.116,32.929,33.732,34.526,35.31,36.084,36.847,37.6,38.342,39.074,39.793,40.502,41.198,41.883,42.556,43.216,43.864,44.499,45.121,45.73,46.326,46.908,47.477,48.031,48.572,49.099,49.611,50.109,50.592,51.061,51.514,51.953,52.376,52.784,53.176,53.553,53.915,54.26,54.59,54.903,55.201,55.482,55.747,55.996,56.229,56.444,56.644,56.826,56.992,57.142,57.274,57.39,57.489,57.571,57.636,57.684,57.715,57.73,57.727,57.707,57.671,57.617,57.547,57.46,57.356,57.235,57.097,56.942,56.771,56.583,56.379,56.158,55.92,55.667,55.396,55.11,54.807,54.489,54.154,53.804,53.437,53.056,52.658,52.246,51.818,51.374,50.916,50.443,49.955,49.453,48.936,48.405,47.86,47.301,46.728,46.141,45.542,44.928,44.302,43.663,43.011,42.347,41.671,40.982,40.282,39.57,38.847,38.112,37.367,36.61,35.844,35.067,34.279,33.483,32.676,31.86,31.035,30.202,29.36,28.509,27.65,26.784,25.91,25.029,24.141,23.246,22.345,21.437,20.524,19.605,18.681,17.751,16.817,15.879,14.936,13.989,13.039,12.085,11.128,10.169,9.2069,8.2428,7.2769,6.3093,5.3405,4.3707,3.4002,2.4293,1.4583,0.48745,-0.48288,-1.4524,-2.4209,-3.388,-4.3534,-5.3168,-6.278,-7.2366,-8.1924,-9.1451,-10.094,-11.04,-11.981,-12.919,-13.851,-14.779,-15.702,-16.619
-72.219,-73.196,-74.151,-75.083,-75.992,-76.877,-77.738,-78.574,-79.387,-80.174,-80.937,-81.674,-82.386,-83.073,-83.733,-84.368,-84.976,-85.558,-86.114,-86.642,-87.144,-87.619,-88.066,-88.486,-88.879,-89.244,-89.581,-89.891,-90.172,-90.426,-90.651,-90.849,-91.018,-91.159,-91.272,-91.356,-91.412,-91.44,-91.439,-91.41,-91.353,-91.267,-91.153,-91.01,-90.84,-90.641,-90.414,-90.159,-89.876,-89.565,-89.226,-88.86,-88.466,-88.045,-87.596,-87.12,-86.617,-86.087,-85.53,-84.947,-84.337,-83.701,-83.04,-82.352,-81.639,-80.9,-80.136,-79.347,-78.534,-77.696,-76.834,-75.948,-75.038,-74.105,-73.149,-72.17,-71.168,-70.145,-69.099,-68.032,-66.944,-65.835,-64.705,-63.555,-62.385,-61.195,-59.987,-58.759,-57.513,-56.25,-54.968,-53.669,-52.354,-51.021,-49.673,-48.309,-46.93,-45.536,-44.128,-42.706,-41.27,-39.821,-38.36,-36.886,-35.401,-33.904,-32.396,-30.878,-29.35,-27.813,-26.267,-24.712,-23.149,-21.578,-20.001,-18.416,-16.826,-15.23,-13.629,-12.023,-10.413,-8.7993,-7.1824,-5.5628,-3.9409,-2.3174,-0.69262,0.93288,2.5586,4.1841,5.8088,7.4323,9.054,10.673,12.29,13.904,15.514,17.119,18.72,20.316,21.906,23.49,25.067,26.637,28.2,29.754,31.3,32.837,34.365,35.882,37.389,38.885,40.37,41.844,43.304,44.753,46.188,47.609,49.017,50.41,51.788,53.151,54.499,55.83,57.145,58.443,59.724,60.987,62.232,63.458,64.666,65.854,67.023,68.172,69.301,70.409,71.497,72.563,73.607,74.63,75.63,76.608,77.563,78.495,79.403,80.288,81.149,81.986,82.798,83.586,84.348,85.086,85.798,86.484,87.145,87.779,88.388,88.97,89.525,90.054,90.556,91.03,91.478,91.898,92.29,92.655,92.993,93.302,93.584,93.837,94.063,94.26,94.43,94.571,94.683,94.768,94.824,94.852,94.851,94.822,94.764,94.679,94.564,94.422,94.251,94.053,93.826,93.571,93.288,92.977,92.638,92.272,91.878,91.456,91.007,90.532,90.028,89.499,88.942,88.359,87.749,87.113,86.451,85.763,85.05,84.311,83.548,82.759,81.945,81.107,80.245,79.359,78.45,77.517,76.56,75.582,74.58,73.556,72.511,71.444,70.355,69.246,68.116,66.966,65.796,64.607,63.398,62.171,60.925,59.661,58.38,57.081,55.765,54.433,53.085,51.721,50.342,48.948,47.54,46.118,44.682,43.233,41.771,40.298,38.812,37.315,35.808,34.29,32.762,31.225,29.678,28.123,26.56,24.99,23.412,21.828,20.238,18.642,17.04,15.435,13.825,12.211,10.594,8.9744,7.3526,5.729,4.1042,2.4787,0.85301,-0.77247,-2.3972,-4.0207,-5.6424,-7.2619,-8.8786,-10.492,-12.102,-13.708,-15.309,-16.904,-18.494,-20.078,-21.655,-23.226,-24.788,-26.343,-27.889,-29.426,-30.953,-32.471,-33.978,-35.474,-36.959,-38.432,-39.893,-41.341,-42.776,-44.198,-45.605,-46.998,-48.377,-49.74,-51.087,-52.419,-53.733,-55.031,-56.312,-57.575,-58.82,-60.046,-61.254,-62.443,-63.612,-64.761,-65.89,-66.998,-68.085,-69.151,-70.196,-71.218
-99.686,-100.61,-101.5,-102.37,-103.2,-104,-104.77,-105.5,-106.21,-106.88,-107.52,-108.12,-108.7,-109.24,-109.75,-110.22,-110.66,-111.07,-111.44,-111.78,-112.09,-112.36,-112.59,-112.8,-112.97,-113.1,-113.2,-113.27,-113.3,-113.29,-113.25,-113.18,-113.08,-112.93,-112.76,-112.55,-112.3,-112.03,-111.71,-111.37,-110.99,-110.57,-110.13,-109.64,-109.13,-108.58,-108,-107.39,-106.74,-106.06,-105.35,-104.61,-103.83,-103.03,-102.19,-101.32,-100.42,-99.492,-98.532,-97.542,-96.522,-95.472,-94.394,-93.287,-92.152,-90.988,-89.797,-88.579,-87.333,-86.061,-84.763,-83.44,-82.09,-80.716,-79.318,-77.895,-76.448,-74.979,-73.486,-71.971,-70.435,-68.877,-67.298,-65.698,-64.079,-62.44,-60.782,-59.105,-57.411,-55.699,-53.971,-52.226,-50.465,-48.689,-46.898,-45.092,-43.274,-41.442,-39.597,-37.74,-35.872,-33.993,-32.104,-30.205,-28.297,-26.38,-24.456,-22.524,-20.585,-18.64,-16.689,-14.733,-12.773,-10.809,-8.8416,-6.8716,-4.8997,-2.9263,-0.95204,1.0224,2.9966,4.9697,6.9413,8.9107,10.877,12.841,14.8,16.755,18.704,20.648,22.586,24.516,26.439,28.354,30.261,32.158,34.045,35.922,37.787,39.642,41.484,43.313,45.129,46.932,48.72,50.493,52.25,53.992,55.717,57.425,59.116,60.789,62.443,64.077,65.693,67.288,68.863,70.417,71.949,73.459,74.947,76.412,77.854,79.271,80.665,82.034,83.378,84.697,85.989,87.256,88.496,89.708,90.894,92.052,93.181,94.282,95.355,96.398,97.412,98.396,99.35,100.27,101.17,102.03,102.86,103.66,104.43,105.17,105.87,106.54,107.18,107.79,108.36,108.9,109.41,109.88,110.33,110.73,111.11,111.44,111.75,112.02,112.26,112.46,112.63,112.76,112.86,112.93,112.96,112.96,112.92,112.85,112.74,112.6,112.42,112.21,111.97,111.69,111.38,111.03,110.65,110.24,109.79,109.31,108.79,108.25,107.67,107.05,106.41,105.73,105.02,104.27,103.5,102.69,101.85,100.99,100.09,99.156,98.196,97.206,96.186,95.136,94.058,92.951,91.815,90.652,89.461,88.243,86.997,85.725,84.427,83.103,81.754,80.38,78.981,77.559,76.112,74.642,73.15,71.635,70.098,68.54,66.961,65.362,63.742,62.104,60.446,58.769,57.075,55.363,53.635,51.89,50.129,48.353,46.562,44.756,42.937,41.105,39.261,37.404,35.536,33.657,31.768,29.869,27.961,26.044,24.119,22.187,20.248,18.303,16.353,14.397,12.437,10.473,8.5054,6.5355,4.5635,2.5901,0.61585,-1.3586,-3.3327,-5.3059,-7.2775,-9.2469,-11.214,-13.177,-15.136,-17.091,-19.041,-20.984,-22.922,-24.853,-26.776,-28.691,-30.597,-32.494,-34.381,-36.258,-38.124,-39.978,-41.82,-43.649,-45.465,-47.268,-49.056,-50.829,-52.586,-54.328,-56.053,-57.762,-59.452,-61.125,-62.779,-64.414,-66.029,-67.624,-69.199,-70.753,-72.285,-73.795,-75.283,-76.748,-78.19,-79.608,-81.001,-82.37,-83.714,-85.033,-86.326,-87.592,-88.832,-90.045,-91.23,-92.388,-93.517,-94.619,-95.691,-96.734,-97.748,-98.732
-104.99,-105.09,-105.16,-105.2,-105.21,-105.18,-105.12,-105.03,-104.9,-104.75,-104.56,-104.33,-104.08,-103.79,-103.47,-103.12,-102.74,-102.33,-101.88,-101.4,-100.89,-100.35,-99.781,-99.179,-98.545,-97.881,-97.187,-96.463,-95.709,-94.925,-94.111,-93.269,-92.397,-91.497,-90.569,-89.612,-88.627,-87.615,-86.576,-85.51,-84.417,-83.298,-82.153,-80.982,-79.786,-78.566,-77.321,-76.052,-74.759,-73.443,-72.104,-70.742,-69.359,-67.953,-66.527,-65.079,-63.612,-62.124,-60.617,-59.091,-57.546,-55.984,-54.403,-52.806,-51.192,-49.562,-47.916,-46.255,-44.58,-42.89,-41.187,-39.471,-37.742,-36.001,-34.249,-32.485,-30.712,-28.928,-27.135,-25.333,-23.523,-21.705,-19.88,-18.049,-16.211,-14.368,-12.52,-10.668,-8.812,-6.9527,-5.0907,-3.2267,-1.3612,0.50531,2.3722,4.2389,6.1048,7.9694,9.8321,11.692,13.55,15.403,17.253,19.098,20.937,22.771,24.598,26.418,28.231,30.036,31.832,33.619,35.396,37.163,38.919,40.664,42.397,44.118,45.825,47.52,49.2,50.866,52.517,54.152,55.772,57.375,58.961,60.53,62.081,63.613,65.127,66.621,68.096,69.55,70.984,72.396,73.787,75.157,76.503,77.827,79.128,80.406,81.659,82.888,84.092,85.271,86.425,87.553,88.655,89.73,90.779,91.8,92.794,93.761,94.699,95.609,96.49,97.343,98.166,98.96,99.724,100.46,101.16,101.84,102.48,103.09,103.68,104.23,104.75,105.24,105.69,106.12,106.51,106.87,107.2,107.5,107.77,108,108.2,108.37,108.5,108.61,108.68,108.72,108.72,108.7,108.64,108.54,108.42,108.26,108.07,107.85,107.6,107.31,106.99,106.64,106.26,105.84,105.4,104.92,104.41,103.87,103.3,102.69,102.06,101.4,100.7,99.979,99.225,98.441,97.628,96.785,95.914,95.013,94.085,93.128,92.143,91.131,90.092,89.026,87.933,86.814,85.669,84.498,83.303,82.082,80.837,79.568,78.275,76.959,75.62,74.258,72.875,71.469,70.043,68.596,67.128,65.64,64.133,62.607,61.063,59.5,57.92,56.322,54.708,53.078,51.432,49.772,48.096,46.407,44.703,42.987,41.258,39.517,37.765,36.002,34.228,32.444,30.651,28.849,27.039,25.221,23.397,21.565,19.727,17.884,16.036,14.184,12.328,10.469,8.6069,6.7429,4.8774,3.0109,1.144,-0.72271,-2.5886,-4.4532,-6.316,-8.1762,-10.033,-11.887,-13.737,-15.581,-17.421,-19.254,-21.082,-22.902,-24.715,-26.519,-28.316,-30.102,-31.88,-33.647,-35.403,-37.148,-38.881,-40.601,-42.309,-44.003,-45.684,-47.35,-49.001,-50.636,-52.256,-53.859,-55.445,-57.014,-58.565,-60.097,-61.611,-63.105,-64.58,-66.034,-67.468,-68.88,-70.271,-71.64,-72.987,-74.311,-75.612,-76.889,-78.143,-79.372,-80.576,-81.755,-82.909,-84.037,-85.139,-86.214,-87.263,-88.284,-89.278,-90.244,-91.183,-92.093,-92.974,-93.826,-94.65,-95.444,-96.208,-96.943,-97.647,-98.322,-98.965,-99.578,-100.16,-100.71,-101.23,-101.72,-102.18,-102.6,-103,-103.36,-103.69,-103.99,-104.25,-104.48,-104.68,-104.85
-125.09,-125.42,-125.71,-125.97,-126.18,-126.36,-126.5,-126.6,-126.66,-126.68,-126.66,-126.61,-126.51,-126.38,-126.21,-126,-125.75,-125.46,-125.13,-124.77,-124.37,-123.93,-123.45,-122.93,-122.38,-121.78,-121.15,-120.49,-119.79,-119.05,-118.27,-117.46,-116.61,-115.72,-114.8,-113.85,-112.86,-111.84,-110.78,-109.68,-108.56,-107.4,-106.21,-104.98,-103.72,-102.43,-101.11,-99.762,-98.38,-96.967,-95.525,-94.054,-92.553,-91.025,-89.468,-87.884,-86.273,-84.635,-82.972,-81.283,-79.569,-77.83,-76.068,-74.282,-72.473,-70.642,-68.789,-66.916,-65.021,-63.107,-61.173,-59.22,-57.249,-55.26,-53.254,-51.232,-49.194,-47.141,-45.073,-42.991,-40.896,-38.788,-36.668,-34.537,-32.395,-30.243,-28.082,-25.912,-23.733,-21.548,-19.355,-17.156,-14.952,-12.743,-10.53,-8.314,-6.0948,-3.8736,-1.6509,0.57242,2.7958,5.0186,7.2401,9.4595,11.676,13.89,16.099,18.304,20.504,22.697,24.884,27.063,29.234,31.397,33.55,35.693,37.826,39.947,42.057,44.154,46.237,48.307,50.362,52.402,54.426,56.434,58.425,60.399,62.354,64.291,66.208,68.105,69.981,71.837,73.671,75.482,77.271,79.037,80.779,82.496,84.188,85.855,87.496,89.111,90.699,92.259,93.791,95.295,96.77,98.216,99.633,101.02,102.37,103.7,104.99,106.25,107.48,108.68,109.84,110.97,112.07,113.13,114.16,115.16,116.12,117.04,117.93,118.78,119.6,120.38,121.13,121.84,122.51,123.14,123.74,124.3,124.82,125.3,125.75,126.15,126.52,126.86,127.15,127.4,127.62,127.8,127.93,128.03,128.09,128.12,128.1,128.04,127.95,127.82,127.64,127.43,127.18,126.9,126.57,126.21,125.8,125.36,124.88,124.37,123.81,123.22,122.59,121.93,121.22,120.48,119.71,118.89,118.05,117.16,116.24,115.29,114.3,113.27,112.21,111.12,109.99,108.83,107.64,106.42,105.16,103.87,102.55,101.2,99.817,98.404,96.962,95.491,93.99,92.462,90.905,89.321,87.71,86.072,84.409,82.72,81.006,79.267,77.505,75.719,73.91,72.079,70.226,68.353,66.458,64.544,62.61,60.657,58.686,56.697,54.691,52.669,50.631,48.578,46.51,44.428,42.333,40.225,38.105,35.974,33.832,31.68,29.519,27.349,25.17,22.985,20.792,18.593,16.389,14.18,11.967,9.751,7.5318,5.3106,3.0879,0.86456,-1.3588,-3.5816,-5.8031,-8.0226,-10.239,-12.453,-14.662,-16.867,-19.067,-21.26,-23.447,-25.626,-27.797,-29.96,-32.113,-34.256,-36.389,-38.51,-40.62,-42.717,-44.8,-46.87,-48.925,-50.965,-52.989,-54.997,-56.988,-58.962,-60.917,-62.854,-64.771,-66.668,-68.544,-70.4,-72.234,-74.045,-75.834,-77.6,-79.342,-81.059,-82.751,-84.418,-86.059,-87.674,-89.262,-90.822,-92.354,-93.858,-95.333,-96.779,-98.196,-99.582,-100.94,-102.26,-103.56,-104.82,-106.05,-107.24,-108.41,-109.54,-110.63,-111.7,-112.73,-113.72,-114.68,-115.61,-116.49,-117.35,-118.16,-118.95,-119.69,-120.4,-121.07,-121.7,-122.3,-122.86,-123.38,-123.86,-124.31,-124.72
-136.49,-136.28,-136.02,-135.72,-135.38,-135,-134.58,-134.12,-133.61,-133.07,-132.48,-131.86,-131.19,-130.48,-129.74,-128.95,-128.13,-127.26,-126.36,-125.42,-124.44,-123.42,-122.36,-121.27,-120.14,-118.97,-117.77,-116.53,-115.25,-113.94,-112.6,-111.22,-109.8,-108.36,-106.88,-105.36,-103.82,-102.24,-100.64,-98.996,-97.327,-95.629,-93.901,-92.144,-90.359,-88.546,-86.707,-84.841,-82.949,-81.031,-79.089,-77.122,-75.132,-73.119,-71.084,-69.027,-66.948,-64.85,-62.731,-60.593,-58.436,-56.262,-54.07,-51.862,-49.638,-47.399,-45.145,-42.877,-40.596,-38.303,-35.998,-33.682,-31.355,-29.019,-26.674,-24.32,-21.959,-19.592,-17.218,-14.839,-12.455,-10.067,-7.6762,-5.2829,-2.8879,-0.49185,1.9044,4.3002,6.6948,9.0875,11.477,13.864,16.247,18.624,20.996,23.362,25.721,28.072,30.415,32.748,35.072,37.385,39.686,41.976,44.253,46.517,48.767,51.002,53.221,55.424,57.611,59.78,61.931,64.064,66.176,68.269,70.341,72.392,74.421,76.427,78.411,80.37,82.305,84.215,86.099,87.958,89.79,91.594,93.371,95.119,96.838,98.528,100.19,101.82,103.42,104.98,106.52,108.02,109.49,110.93,112.33,113.7,115.04,116.34,117.6,118.83,120.02,121.18,122.3,123.38,124.43,125.44,126.4,127.33,128.23,129.08,129.89,130.67,131.4,132.1,132.75,133.37,133.94,134.47,134.96,135.42,135.83,136.19,136.52,136.81,137.05,137.26,137.42,137.54,137.61,137.65,137.64,137.59,137.5,137.37,137.2,136.98,136.73,136.43,136.09,135.71,135.29,134.82,134.32,133.77,133.19,132.56,131.9,131.19,130.44,129.66,128.83,127.97,127.06,126.12,125.14,124.12,123.07,121.97,120.84,119.68,118.47,117.23,115.96,114.65,113.3,111.92,110.51,109.06,107.58,106.07,104.53,102.95,101.34,99.702,98.033,96.334,94.606,92.849,91.064,89.252,87.412,85.546,83.654,81.736,79.794,77.828,75.838,73.825,71.789,69.732,67.654,65.555,63.436,61.298,59.142,56.968,54.776,52.568,50.344,48.104,45.85,43.583,41.302,39.008,36.703,34.387,32.06,29.724,27.379,25.026,22.665,20.297,17.923,15.544,13.16,10.772,8.3816,5.9883,3.5933,1.1973,-1.199,-3.5948,-5.9894,-8.3821,-10.772,-13.159,-15.541,-17.919,-20.291,-22.657,-25.016,-27.367,-29.709,-32.043,-34.366,-36.679,-38.981,-41.271,-43.548,-45.812,-48.061,-50.296,-52.516,-54.719,-56.906,-59.075,-61.226,-63.358,-65.471,-67.564,-69.636,-71.687,-73.716,-75.722,-77.705,-79.665,-81.6,-83.51,-85.394,-87.252,-89.084,-90.889,-92.665,-94.414,-96.133,-97.823,-99.483,-101.11,-102.71,-104.28,-105.81,-107.32,-108.79,-110.23,-111.63,-113,-114.33,-115.63,-116.9,-118.13,-119.32,-120.48,-121.6,-122.68,-123.72,-124.73,-125.7,-126.63,-127.52,-128.37,-129.19,-129.96,-130.7,-131.39,-132.05,-132.66,-133.23,-133.77,-134.26,-134.71,-135.12,-135.49,-135.82,-136.1,-136.35,-136.55,-136.71,-136.83,-136.91,-136.94,-136.94,-136.89,-136.8,-136.67
-132.06,-132.42,-132.74,-133.02,-133.26,-133.46,-133.61,-133.73,-133.81,-133.85,-133.84,-133.8,-133.71,-133.59,-133.42,-133.22,-132.97,-132.68,-132.36,-131.99,-131.58,-131.13,-130.65,-130.12,-129.55,-128.95,-128.3,-127.62,-126.9,-126.14,-125.34,-124.5,-123.63,-122.71,-121.77,-120.78,-119.76,-118.7,-117.6,-116.47,-115.31,-114.1,-112.87,-111.6,-110.3,-108.96,-107.59,-106.19,-104.75,-103.28,-101.79,-100.26,-98.699,-97.11,-95.491,-93.844,-92.168,-90.465,-88.734,-86.976,-85.192,-83.382,-81.547,-79.687,-77.804,-75.896,-73.966,-72.013,-70.039,-68.043,-66.027,-63.991,-61.936,-59.862,-57.77,-55.66,-53.534,-51.391,-49.234,-47.061,-44.874,-42.674,-40.46,-38.235,-35.998,-33.751,-31.493,-29.226,-26.95,-24.666,-22.375,-20.077,-17.773,-15.464,-13.151,-10.833,-8.5127,-6.1898,-3.8652,-1.5395,0.78638,3.1119,5.4363,7.7588,10.079,12.396,14.708,17.016,19.319,21.616,23.906,26.188,28.463,30.728,32.984,35.23,37.465,39.688,41.899,44.097,46.281,48.452,50.607,52.746,54.87,56.976,59.065,61.136,63.188,65.22,67.233,69.225,71.195,73.144,75.07,76.974,78.853,80.708,82.539,84.344,86.124,87.877,89.603,91.302,92.972,94.614,96.227,97.811,99.365,100.89,102.38,103.84,105.27,106.67,108.03,109.36,110.66,111.92,113.15,114.35,115.51,116.63,117.72,118.77,119.79,120.77,121.71,122.62,123.49,124.32,125.11,125.86,126.58,127.25,127.89,128.49,129.05,129.57,130.05,130.49,130.89,131.25,131.57,131.85,132.09,132.29,132.45,132.57,132.64,132.68,132.68,132.63,132.55,132.42,132.26,132.05,131.8,131.52,131.19,130.82,130.41,129.97,129.48,128.95,128.39,127.78,127.14,126.45,125.73,124.97,124.17,123.33,122.46,121.55,120.6,119.61,118.59,117.53,116.43,115.3,114.14,112.94,111.7,110.43,109.13,107.79,106.42,105.02,103.58,102.12,100.62,99.09,97.531,95.942,94.324,92.677,91.001,89.298,87.567,85.809,84.025,82.215,80.38,78.52,76.636,74.729,72.799,70.846,68.872,66.876,64.86,62.824,60.769,58.695,56.602,54.493,52.367,50.224,48.066,45.894,43.707,41.506,39.293,37.068,34.831,32.583,30.326,28.059,25.783,23.499,21.208,18.91,16.606,14.297,11.983,9.666,7.3455,5.0226,2.698,0.37233,-1.9536,-4.2791,-6.6035,-8.926,-11.246,-13.563,-15.876,-18.184,-20.486,-22.783,-25.073,-27.356,-29.63,-31.895,-34.151,-36.397,-38.632,-40.855,-43.066,-45.264,-47.449,-49.619,-51.774,-53.914,-56.037,-58.143,-60.232,-62.303,-64.355,-66.388,-68.4,-70.392,-72.363,-74.311,-76.238,-78.141,-80.02,-81.876,-83.706,-85.512,-87.291,-89.044,-90.77,-92.469,-94.139,-95.782,-97.395,-98.978,-100.53,-102.06,-103.55,-105.01,-106.44,-107.83,-109.2,-110.53,-111.83,-113.09,-114.32,-115.52,-116.68,-117.8,-118.89,-119.94,-120.96,-121.94,-122.88,-123.79,-124.65,-125.48,-126.28,-127.03,-127.74,-128.42,-129.06,-129.66,-130.22,-130.74,-131.22,-131.66
-142.88,-142.54,-142.17,-141.75,-141.28,-140.78,-140.23,-139.64,-139.01,-138.33,-137.62,-136.86,-136.06,-135.22,-134.34,-133.42,-132.45,-131.45,-130.41,-129.33,-128.21,-127.05,-125.85,-124.61,-123.34,-122.03,-120.68,-119.3,-117.87,-116.42,-114.93,-113.4,-111.84,-110.25,-108.62,-106.96,-105.27,-103.54,-101.79,-100,-98.184,-96.338,-94.463,-92.56,-90.628,-88.669,-86.684,-84.672,-82.635,-80.573,-78.486,-76.376,-74.243,-72.088,-69.911,-67.713,-65.495,-63.257,-61,-58.724,-56.431,-54.121,-51.795,-49.454,-47.098,-44.727,-42.343,-39.947,-37.539,-35.12,-32.69,-30.25,-27.802,-25.345,-22.881,-20.411,-17.934,-15.452,-12.966,-10.476,-7.983,-5.488,-2.9916,-0.49461,2.0023,4.4983,6.9926,9.4845,11.973,14.458,16.938,19.413,21.881,24.343,26.797,29.242,31.679,34.105,36.52,38.925,41.317,43.696,46.062,48.413,50.749,53.07,55.374,57.661,59.93,62.181,64.412,66.623,68.814,70.984,73.132,75.257,77.359,79.437,81.49,83.519,85.522,87.498,89.448,91.37,93.264,95.129,96.965,98.771,100.55,102.29,104.01,105.69,107.34,108.95,110.53,112.08,113.6,115.08,116.52,117.93,119.3,120.64,121.93,123.19,124.42,125.6,126.75,127.86,128.92,129.95,130.94,131.89,132.8,133.67,134.49,135.28,136.02,136.72,137.38,138,138.58,139.11,139.6,140.05,140.45,140.82,141.13,141.41,141.64,141.83,141.97,142.08,142.13,142.15,142.12,142.05,141.93,141.77,141.57,141.32,141.03,140.7,140.32,139.9,139.44,138.93,138.39,137.79,137.16,136.49,135.77,135.01,134.21,133.37,132.49,131.57,130.61,129.6,128.56,127.48,126.36,125.2,124,122.77,121.49,120.18,118.83,117.45,116.03,114.57,113.08,111.55,109.99,108.4,106.77,105.11,103.42,101.7,99.941,98.154,96.338,94.492,92.617,90.713,88.782,86.823,84.837,82.825,80.788,78.726,76.64,74.53,72.397,70.241,68.064,65.866,63.648,61.41,59.153,56.878,54.585,52.275,49.949,47.607,45.251,42.881,40.497,38.101,35.692,33.273,30.843,28.404,25.955,23.499,21.035,18.564,16.087,13.605,11.119,8.6293,6.1365,3.6415,1.1451,-1.3519,-3.8488,-6.3448,-8.8391,-11.331,-13.82,-16.305,-18.785,-21.26,-23.728,-26.19,-28.643,-31.089,-33.525,-35.951,-38.367,-40.771,-43.163,-45.543,-47.908,-50.26,-52.596,-54.916,-57.22,-59.507,-61.777,-64.027,-66.258,-68.47,-70.661,-72.83,-74.978,-77.103,-79.205,-81.283,-83.337,-85.366,-87.368,-89.345,-91.294,-93.216,-95.11,-96.976,-98.811,-100.62,-102.39,-104.14,-105.85,-107.53,-109.18,-110.8,-112.38,-113.93,-115.44,-116.92,-118.37,-119.77,-121.15,-122.48,-123.78,-125.04,-126.26,-127.45,-128.6,-129.7,-130.77,-131.8,-132.79,-133.74,-134.65,-135.51,-136.34,-137.13,-137.87,-138.57,-139.23,-139.85,-140.42,-140.96,-141.45,-141.9,-142.3,-142.66,-142.98,-143.26,-143.49,-143.68,-143.82,-143.92,-143.98,-144,-143.97,-143.89,-143.78,-143.62,-143.41,-143.17
-124.12,-123.44,-122.72,-121.97,-121.18,-120.35,-119.48,-118.58,-117.64,-116.67,-115.66,-114.61,-113.53,-112.42,-111.27,-110.08,-108.87,-107.62,-106.33,-105.01,-103.66,-102.28,-100.87,-99.426,-97.952,-96.447,-94.913,-93.35,-91.758,-90.138,-88.49,-86.814,-85.112,-83.384,-81.63,-79.851,-78.048,-76.22,-74.369,-72.495,-70.599,-68.681,-66.741,-64.781,-62.801,-60.802,-58.784,-56.747,-54.693,-52.622,-50.535,-48.432,-46.314,-44.182,-42.036,-39.877,-37.705,-35.522,-33.327,-31.123,-28.908,-26.684,-24.452,-22.212,-19.966,-17.712,-15.453,-13.19,-10.921,-8.6495,-6.3748,-4.0979,-1.8194,0.45984,2.7393,5.0181,7.2958,9.5714,11.844,14.114,16.38,18.641,20.896,23.146,25.389,27.624,29.851,32.069,34.278,36.477,38.665,40.841,43.005,45.157,47.294,49.418,51.527,53.621,55.698,57.759,59.803,61.828,63.835,65.823,67.791,69.739,71.666,73.571,75.454,77.314,79.151,80.964,82.753,84.517,86.256,87.968,89.654,91.313,92.944,94.548,96.123,97.668,99.185,100.67,102.13,103.55,104.95,106.31,107.64,108.94,110.2,111.43,112.63,113.79,114.92,116.02,117.08,118.1,119.09,120.04,120.96,121.84,122.68,123.49,124.26,124.99,125.68,126.33,126.95,127.53,128.07,128.57,129.03,129.46,129.84,130.19,130.49,130.76,130.98,131.17,131.32,131.42,131.49,131.52,131.51,131.46,131.36,131.23,131.06,130.85,130.6,130.31,129.98,129.61,129.21,128.76,128.27,127.75,127.19,126.59,125.95,125.27,124.55,123.8,123.01,122.18,121.32,120.41,119.48,118.5,117.49,116.45,115.37,114.25,113.1,111.92,110.7,109.45,108.16,106.84,105.5,104.11,102.7,101.26,99.783,98.278,96.744,95.181,93.589,91.969,90.321,88.646,86.944,85.216,83.462,81.683,79.879,78.052,76.2,74.326,72.43,70.512,68.572,66.612,64.632,62.633,60.615,58.578,56.524,54.454,52.366,50.263,48.145,46.013,43.867,41.708,39.536,37.353,35.159,32.954,30.739,28.516,26.283,24.044,21.797,19.544,17.285,15.021,12.753,10.481,8.2061,5.9292,3.6507,1.3714,-0.90801,-3.1869,-5.4645,-7.7402,-10.013,-12.283,-14.549,-16.81,-19.065,-21.315,-23.557,-25.793,-28.02,-30.238,-32.447,-34.646,-36.833,-39.01,-41.174,-43.325,-45.463,-47.587,-49.696,-51.789,-53.867,-55.928,-57.971,-59.997,-62.004,-63.992,-65.96,-67.908,-69.834,-71.739,-73.622,-75.483,-77.32,-79.133,-80.922,-82.686,-84.424,-86.137,-87.823,-89.482,-91.113,-92.717,-94.291,-95.837,-97.354,-98.84,-100.3,-101.72,-103.12,-104.48,-105.81,-107.11,-108.37,-109.6,-110.8,-111.96,-113.09,-114.19,-115.25,-116.27,-117.26,-118.21,-119.13,-120.01,-120.85,-121.66,-122.42,-123.16,-123.85,-124.5,-125.12,-125.7,-126.24,-126.74,-127.2,-127.63,-128.01,-128.35,-128.66,-128.93,-129.15,-129.34,-129.49,-129.59,-129.66,-129.69,-129.68,-129.62,-129.53,-129.4,-129.23,-129.02,-128.77,-128.48,-128.15,-127.78,-127.38,-126.93,-126.44,-125.92,-125.36,-124.75
-139.87,-139.23,-138.54,-137.8,-137.03,-136.21,-135.35,-134.45,-133.51,-132.53,-131.51,-130.45,-129.35,-128.21,-127.03,-125.81,-124.56,-123.26,-121.93,-120.57,-119.16,-117.72,-116.24,-114.73,-113.18,-111.6,-109.98,-108.34,-106.65,-104.94,-103.19,-101.41,-99.605,-97.767,-95.898,-94,-92.074,-90.119,-88.137,-86.129,-84.094,-82.033,-79.948,-77.839,-75.705,-73.549,-71.37,-69.17,-66.949,-64.707,-62.446,-60.166,-57.867,-55.551,-53.218,-50.869,-48.504,-46.125,-43.731,-41.325,-38.906,-36.475,-34.033,-31.581,-29.119,-26.648,-24.169,-21.683,-19.191,-16.692,-14.189,-11.681,-9.1699,-6.6559,-4.14,-1.6229,0.89466,3.4119,5.928,8.4423,10.954,13.462,15.966,18.466,20.959,23.446,25.926,28.398,30.861,33.315,35.759,38.191,40.612,43.021,45.416,47.798,50.164,52.516,54.851,57.17,59.471,61.755,64.019,66.263,68.488,70.691,72.873,75.033,77.17,79.283,81.372,83.436,85.475,87.487,89.473,91.432,93.363,95.265,97.138,98.981,100.79,102.58,104.33,106.05,107.73,109.39,111.01,112.6,114.15,115.67,117.15,118.6,120.01,121.38,122.72,124.02,125.28,126.5,127.69,128.83,129.94,131.01,132.03,133.02,133.97,134.87,135.74,136.56,137.34,138.08,138.78,139.43,140.04,140.61,141.14,141.62,142.06,142.46,142.81,143.12,143.39,143.61,143.79,143.93,144.02,144.07,144.07,144.03,143.94,143.82,143.64,143.43,143.17,142.86,142.52,142.13,141.69,141.22,140.69,140.13,139.53,138.88,138.19,137.45,136.68,135.86,135,134.11,133.17,132.18,131.16,130.1,129,127.86,126.68,125.47,124.21,122.92,121.58,120.22,118.81,117.37,115.89,114.38,112.83,111.25,109.64,107.99,106.3,104.59,102.84,101.07,99.257,97.418,95.549,93.651,91.725,89.77,87.788,85.78,83.745,81.685,79.599,77.49,75.356,73.2,71.022,68.821,66.6,64.358,62.097,59.817,57.518,55.202,52.869,50.52,48.155,45.776,43.383,40.976,38.557,36.126,33.684,31.232,28.77,26.299,23.82,21.334,18.842,16.343,13.84,11.332,8.821,6.3071,3.7911,1.274,-1.2435,-3.7608,-6.2769,-8.7912,-11.303,-13.811,-16.315,-18.814,-21.308,-23.795,-26.275,-28.747,-31.21,-33.664,-36.107,-38.54,-40.961,-43.37,-45.765,-48.146,-50.513,-52.865,-55.2,-57.519,-59.82,-62.103,-64.368,-66.612,-68.837,-71.04,-73.222,-75.382,-77.519,-79.632,-81.721,-83.785,-85.824,-87.836,-89.822,-91.781,-93.711,-95.614,-97.487,-99.33,-101.14,-102.93,-104.68,-106.4,-108.08,-109.74,-111.36,-112.95,-114.5,-116.02,-117.5,-118.95,-120.36,-121.73,-123.07,-124.37,-125.63,-126.85,-128.04,-129.18,-130.29,-131.36,-132.38,-133.37,-134.32,-135.22,-136.08,-136.91,-137.69,-138.43,-139.13,-139.78,-140.39,-140.96,-141.49,-141.97,-142.41,-142.81,-143.16,-143.47,-143.74,-143.96,-144.14,-144.28,-144.37,-144.41,-144.42,-144.38,-144.29,-144.16,-143.99,-143.78,-143.52,-143.21,-142.87,-142.48,-142.04,-141.56,-141.04,-140.48
-135.72,-134.96,-134.16,-133.33,-132.45,-131.53,-130.57,-129.57,-128.54,-127.46,-126.35,-125.2,-124.01,-122.78,-121.52,-120.22,-118.88,-117.51,-116.1,-114.66,-113.18,-111.67,-110.12,-108.54,-106.93,-105.29,-103.61,-101.91,-100.17,-98.406,-96.61,-94.785,-92.931,-91.05,-89.141,-87.206,-85.244,-83.257,-81.245,-79.208,-77.148,-75.065,-72.959,-70.831,-68.683,-66.513,-64.324,-62.116,-59.889,-57.645,-55.383,-53.105,-50.811,-48.502,-46.178,-43.841,-41.491,-39.129,-36.755,-34.371,-31.976,-29.572,-27.16,-24.739,-22.312,-19.878,-17.438,-14.994,-12.546,-10.094,-7.6389,-5.1823,-2.7246,-0.26648,2.1913,4.6481,7.103,9.5553,12.004,14.449,16.889,19.324,21.752,24.173,26.587,28.992,31.388,33.773,36.148,38.512,40.863,43.202,45.527,47.838,50.133,52.414,54.677,56.924,59.153,61.363,63.555,65.726,67.877,70.007,72.116,74.202,76.265,78.304,80.319,82.309,84.274,86.212,88.124,90.009,91.866,93.694,95.494,97.263,99.003,100.71,102.39,104.04,105.65,107.23,108.78,110.3,111.78,113.23,114.64,116.02,117.36,118.66,119.93,121.16,122.35,123.51,124.63,125.71,126.75,127.75,128.71,129.64,130.52,131.36,132.17,132.93,133.65,134.33,134.97,135.57,136.12,136.63,137.11,137.54,137.92,138.27,138.57,138.83,139.04,139.22,139.35,139.44,139.48,139.49,139.45,139.36,139.24,139.07,138.86,138.6,138.3,137.96,137.58,137.16,136.69,136.18,135.63,135.04,134.41,133.73,133.01,132.26,131.46,130.62,129.74,128.82,127.87,126.87,125.83,124.76,123.64,122.49,121.3,120.07,118.81,117.51,116.17,114.8,113.39,111.95,110.47,108.96,107.42,105.84,104.23,102.58,100.91,99.204,97.467,95.701,93.905,92.08,90.226,88.345,86.436,84.5,82.539,80.552,78.539,76.503,74.443,72.359,70.254,68.126,65.977,63.808,61.619,59.411,57.184,54.939,52.678,50.399,48.105,45.796,43.473,41.136,38.786,36.424,34.05,31.665,29.271,26.867,24.454,22.034,19.607,17.173,14.733,12.289,9.8402,7.3882,4.9336,2.477,0.019286,-2.4389,-4.8967,-7.3534,-9.8083,-12.261,-14.71,-17.155,-19.595,-22.029,-24.458,-26.879,-29.292,-31.697,-34.093,-36.479,-38.854,-41.217,-43.569,-45.907,-48.232,-50.543,-52.839,-55.119,-57.383,-59.629,-61.858,-64.069,-66.26,-68.431,-70.583,-72.713,-74.821,-76.907,-78.97,-81.009,-83.024,-85.014,-86.979,-88.918,-90.829,-92.714,-94.571,-96.399,-98.199,-99.969,-101.71,-103.42,-105.1,-106.74,-108.36,-109.94,-111.49,-113,-114.49,-115.93,-117.34,-118.72,-120.06,-121.37,-122.63,-123.87,-125.06,-126.22,-127.33,-128.41,-129.45,-130.46,-131.42,-132.34,-133.23,-134.07,-134.87,-135.63,-136.35,-137.03,-137.67,-138.27,-138.83,-139.34,-139.81,-140.24,-140.63,-140.97,-141.27,-141.53,-141.75,-141.92,-142.06,-142.14,-142.19,-142.19,-142.15,-142.07,-141.94,-141.77,-141.56,-141.31,-141.01,-140.67,-140.29,-139.86,-139.4,-138.89,-138.34,-137.75,-137.11,-136.44
-136.21,-135.23,-134.2,-133.14,-132.04,-130.9,-129.72,-128.5,-127.24,-125.94,-124.6,-123.23,-121.82,-120.37,-118.89,-117.37,-115.81,-114.22,-112.6,-110.94,-109.24,-107.52,-105.76,-103.97,-102.15,-100.3,-98.417,-96.505,-94.564,-92.594,-90.597,-88.572,-86.521,-84.444,-82.341,-80.213,-78.061,-75.886,-73.688,-71.468,-69.226,-66.964,-64.681,-62.38,-60.059,-57.72,-55.364,-52.992,-50.604,-48.2,-45.782,-43.351,-40.907,-38.45,-35.982,-33.504,-31.015,-28.518,-26.012,-23.498,-20.977,-18.451,-15.919,-13.382,-10.842,-8.2989,-5.7535,-3.2065,-0.65895,1.8885,4.4352,6.9801,9.5227,12.062,14.597,17.128,19.653,22.172,24.684,27.188,29.683,32.169,34.645,37.11,39.563,42.005,44.433,46.847,49.246,51.631,53.999,56.35,58.685,61,63.297,65.575,67.832,70.068,72.283,74.475,76.644,78.79,80.911,83.007,85.078,87.123,89.14,91.131,93.093,95.026,96.931,98.805,100.65,102.46,104.24,105.99,107.71,109.39,111.04,112.66,114.24,115.79,117.3,118.77,120.21,121.61,122.98,124.3,125.59,126.84,128.05,129.22,130.36,131.45,132.5,133.51,134.48,135.41,136.29,137.14,137.94,138.7,139.42,140.1,140.73,141.32,141.86,142.37,142.82,143.24,143.61,143.94,144.22,144.46,144.65,144.8,144.91,144.97,144.99,144.96,144.88,144.77,144.61,144.4,144.15,143.86,143.52,143.14,142.71,142.24,141.73,141.17,140.57,139.93,139.24,138.51,137.74,136.93,136.07,135.17,134.23,133.25,132.23,131.17,130.07,128.93,127.75,126.52,125.27,123.97,122.63,121.26,119.85,118.4,116.92,115.4,113.84,112.25,110.62,108.97,107.27,105.55,103.79,102,100.18,98.327,96.445,94.533,92.592,90.623,88.625,86.601,84.549,82.472,80.369,78.242,76.09,73.915,71.717,69.497,67.255,64.992,62.71,60.408,58.087,55.749,53.393,51.02,48.632,46.229,43.811,41.379,38.935,36.479,34.011,31.532,29.044,26.546,24.04,21.526,19.006,16.479,13.947,11.411,8.8706,6.3274,3.7819,1.235,-1.3126,-3.8601,-6.4067,-8.9517,-11.494,-14.034,-16.569,-19.1,-21.625,-24.143,-26.655,-29.159,-31.655,-34.141,-36.616,-39.082,-41.535,-43.976,-46.404,-48.818,-51.218,-53.602,-55.97,-58.322,-60.656,-62.972,-65.269,-67.546,-69.804,-72.04,-74.254,-76.447,-78.616,-80.761,-82.883,-84.979,-87.05,-89.094,-91.112,-93.102,-95.064,-96.998,-98.902,-100.78,-102.62,-104.43,-106.22,-107.97,-109.68,-111.37,-113.02,-114.63,-116.21,-117.76,-119.27,-120.75,-122.18,-123.59,-124.95,-126.28,-127.56,-128.81,-130.02,-131.2,-132.33,-133.42,-134.47,-135.48,-136.45,-137.38,-138.27,-139.11,-139.91,-140.67,-141.39,-142.07,-142.7,-143.29,-143.83,-144.34,-144.8,-145.21,-145.58,-145.91,-146.19,-146.43,-146.62,-146.77,-146.88,-146.94,-146.96,-146.93,-146.86,-146.74,-146.58,-146.37,-146.12,-145.83,-145.49,-145.11,-144.68,-144.21,-143.7,-143.14,-142.54,-141.9,-141.21,-140.48,-139.71,-138.9,-138.04,-137.14
-126.88,-125.63,-124.35,-123.02,-121.66,-120.27,-118.83,-117.37,-115.86,-114.32,-112.75,-111.14,-109.5,-107.83,-106.12,-104.38,-102.62,-100.82,-98.985,-97.125,-95.236,-93.318,-91.373,-89.399,-87.399,-85.373,-83.321,-81.245,-79.144,-77.019,-74.871,-72.701,-70.509,-68.296,-66.063,-63.81,-61.538,-59.247,-56.939,-54.614,-52.273,-49.917,-47.545,-45.16,-42.761,-40.349,-37.926,-35.492,-33.047,-30.592,-28.129,-25.657,-23.178,-20.693,-18.201,-15.705,-13.204,-10.699,-8.1919,-5.6824,-3.1717,-0.66034,1.8508,4.3609,6.8692,9.3751,11.878,14.376,16.87,19.358,21.84,24.315,26.782,29.24,31.689,34.128,36.556,38.973,41.377,43.768,46.146,48.509,50.857,53.189,55.504,57.802,60.082,62.343,64.585,66.807,69.008,71.188,73.345,75.48,77.591,79.678,81.741,83.778,85.789,87.774,89.731,91.661,93.563,95.435,97.278,99.091,100.87,102.62,104.34,106.03,107.69,109.31,110.9,112.45,113.97,115.45,116.9,118.31,119.69,121.03,122.33,123.59,124.82,126,127.15,128.26,129.33,130.36,131.35,132.3,133.21,134.08,134.9,135.69,136.43,137.13,137.79,138.41,138.98,139.51,140,140.45,140.85,141.21,141.52,141.8,142.02,142.21,142.35,142.45,142.5,142.51,142.47,142.4,142.27,142.11,141.9,141.65,141.35,141.01,140.63,140.2,139.73,139.22,138.66,138.06,137.42,136.74,136.01,135.24,134.44,133.59,132.69,131.76,130.79,129.78,128.72,127.63,126.5,125.33,124.12,122.87,121.59,120.26,118.9,117.51,116.07,114.61,113.1,111.56,109.99,108.38,106.74,105.07,103.36,101.63,99.857,98.057,96.226,94.366,92.477,90.56,88.614,86.641,84.641,82.614,80.563,78.486,76.385,74.26,72.112,69.942,67.75,65.537,63.304,61.051,58.779,56.488,54.18,51.855,49.514,47.158,44.786,42.401,40.002,37.59,35.167,32.733,30.288,27.833,25.37,22.898,20.419,17.934,15.442,12.946,10.445,7.9404,5.433,2.9236,0.41282,-2.0985,-4.6096,-7.1197,-9.6281,-12.134,-14.636,-17.135,-19.629,-22.117,-24.599,-27.074,-29.541,-31.999,-34.448,-36.887,-39.315,-41.732,-44.136,-46.527,-48.905,-51.268,-53.616,-55.948,-58.263,-60.561,-62.841,-65.102,-67.344,-69.566,-71.767,-73.946,-76.104,-78.239,-80.35,-82.437,-84.5,-86.537,-88.548,-90.533,-92.49,-94.42,-96.322,-98.194,-100.04,-101.85,-103.63,-105.38,-107.1,-108.79,-110.45,-112.07,-113.65,-115.21,-116.73,-118.21,-119.66,-121.07,-122.45,-123.78,-125.09,-126.35,-127.58,-128.76,-129.91,-131.02,-132.09,-133.12,-134.11,-135.06,-135.97,-136.84,-137.66,-138.45,-139.19,-139.89,-140.55,-141.17,-141.74,-142.27,-142.76,-143.21,-143.61,-143.97,-144.28,-144.55,-144.78,-144.97,-145.11,-145.21,-145.26,-145.27,-145.23,-145.16,-145.03,-144.87,-144.66,-144.4,-144.11,-143.77,-143.38,-142.96,-142.49,-141.97,-141.42,-140.82,-140.18,-139.5,-138.77,-138,-137.19,-136.34,-135.45,-134.52,-133.55,-132.54,-131.48,-130.39,-129.26,-128.09
-130.68,-129.57,-128.42,-127.22,-125.99,-124.72,-123.41,-122.07,-120.69,-119.27,-117.81,-116.32,-114.79,-113.23,-111.63,-110,-108.34,-106.64,-104.91,-103.15,-101.36,-99.535,-97.681,-95.797,-93.885,-91.943,-89.974,-87.978,-85.954,-83.905,-81.83,-79.73,-77.606,-75.458,-73.287,-71.094,-68.88,-66.644,-64.388,-62.113,-59.818,-57.506,-55.176,-52.829,-50.466,-48.088,-45.695,-43.288,-40.869,-38.436,-35.992,-33.537,-31.072,-28.598,-26.115,-23.624,-21.125,-18.621,-16.11,-13.595,-11.076,-8.5532,-6.0279,-3.5009,-0.97285,1.5555,4.0833,6.6099,9.1344,11.656,14.174,16.688,19.197,21.699,24.195,26.684,29.165,31.636,34.098,36.55,38.99,41.419,43.835,46.237,48.626,50.999,53.357,55.699,58.023,60.33,62.619,64.888,67.138,69.367,71.575,73.761,75.925,78.065,80.182,82.274,84.341,86.383,88.398,90.386,92.347,94.279,96.183,98.057,99.902,101.72,103.5,105.25,106.97,108.66,110.31,111.93,113.52,115.07,116.58,118.06,119.51,120.92,122.29,123.62,124.92,126.18,127.4,128.58,129.72,130.82,131.88,132.9,133.89,134.83,135.73,136.58,137.4,138.18,138.91,139.6,140.25,140.85,141.41,141.93,142.41,142.84,143.23,143.57,143.88,144.13,144.35,144.52,144.64,144.72,144.76,144.75,144.7,144.61,144.47,144.29,144.06,143.79,143.47,143.11,142.71,142.27,141.78,141.24,140.67,140.05,139.39,138.69,137.94,137.15,136.32,135.45,134.54,133.59,132.59,131.56,130.48,129.37,128.21,127.02,125.79,124.52,123.21,121.86,120.48,119.06,117.61,116.12,114.59,113.03,111.43,109.8,108.14,106.44,104.71,102.95,101.16,99.332,97.478,95.594,93.682,91.74,89.771,87.775,85.751,83.702,81.627,79.527,77.403,75.255,73.084,70.891,68.677,66.441,64.185,61.91,59.615,57.303,54.973,52.626,50.263,47.885,45.492,43.085,40.666,38.233,35.789,33.334,30.869,28.395,25.912,23.421,20.922,18.418,15.907,13.392,10.873,8.3502,5.825,3.2979,0.76987,-1.7585,-4.2863,-6.8128,-9.3373,-11.859,-14.377,-16.891,-19.4,-21.902,-24.398,-26.887,-29.368,-31.839,-34.301,-36.753,-39.193,-41.622,-44.038,-46.44,-48.829,-51.202,-53.56,-55.902,-58.226,-60.533,-62.822,-65.091,-67.341,-69.57,-71.778,-73.964,-76.128,-78.268,-80.385,-82.477,-84.544,-86.586,-88.601,-90.589,-92.55,-94.482,-96.386,-98.26,-100.1,-101.92,-103.7,-105.45,-107.17,-108.86,-110.51,-112.13,-113.72,-115.27,-116.79,-118.27,-119.71,-121.12,-122.49,-123.82,-125.12,-126.38,-127.6,-128.78,-129.92,-131.02,-132.09,-133.11,-134.09,-135.03,-135.93,-136.79,-137.6,-138.38,-139.11,-139.8,-140.45,-141.05,-141.62,-142.14,-142.61,-143.04,-143.43,-143.78,-144.08,-144.34,-144.55,-144.72,-144.85,-144.93,-144.96,-144.96,-144.91,-144.81,-144.67,-144.49,-144.26,-143.99,-143.68,-143.32,-142.91,-142.47,-141.98,-141.45,-140.87,-140.25,-139.59,-138.89,-138.14,-137.36,-136.53,-135.65,-134.74,-133.79,-132.79,-131.76
-118.14,-116.51,-114.85,-113.15,-111.41,-109.65,-107.85,-106.01,-104.15,-102.25,-100.32,-98.364,-96.376,-94.359,-92.314,-90.241,-88.14,-86.014,-83.861,-81.683,-79.48,-77.253,-75.003,-72.731,-70.436,-68.121,-65.785,-63.429,-61.054,-58.661,-56.25,-53.823,-51.379,-48.92,-46.447,-43.959,-41.458,-38.945,-36.421,-33.885,-31.34,-28.785,-26.222,-23.651,-21.073,-18.489,-15.9,-13.306,-10.708,-8.1078,-5.5049,-2.9007,-0.29585,2.3088,4.9125,7.5143,10.114,12.71,15.301,17.888,20.469,23.044,25.611,28.171,30.721,33.262,35.792,38.311,40.818,43.313,45.794,48.261,50.713,53.149,55.568,57.971,60.355,62.721,65.067,67.394,69.699,71.983,74.245,76.484,78.699,80.89,83.056,85.197,87.311,89.399,91.459,93.491,95.494,97.467,99.411,101.32,103.21,105.06,106.87,108.66,110.41,112.13,113.81,115.46,117.07,118.65,120.19,121.7,123.16,124.59,125.98,127.33,128.65,129.92,131.15,132.35,133.5,134.61,135.68,136.71,137.7,138.64,139.54,140.4,141.22,141.99,142.72,143.41,144.05,144.65,145.2,145.71,146.17,146.59,146.96,147.29,147.58,147.82,148.01,148.16,148.26,148.32,148.33,148.3,148.22,148.09,147.92,147.71,147.45,147.14,146.79,146.4,145.96,145.47,144.94,144.37,143.75,143.08,142.38,141.63,140.83,140,139.12,138.19,137.23,136.22,135.17,134.08,132.95,131.78,130.57,129.32,128.02,126.69,125.32,123.91,122.47,120.98,119.46,117.9,116.31,114.68,113.01,111.31,109.58,107.81,106.01,104.18,102.31,100.41,98.487,96.529,94.541,92.524,90.479,88.406,86.305,84.178,82.025,79.847,77.645,75.418,73.168,70.896,68.601,66.286,63.95,61.594,59.219,56.826,54.415,51.988,49.544,47.085,44.611,42.124,39.623,37.11,34.585,32.05,29.505,26.95,24.387,21.816,19.238,16.654,14.065,11.471,8.8731,6.2725,3.6697,1.0654,-1.5394,-4.144,-6.7477,-9.3496,-11.949,-14.545,-17.137,-19.724,-22.305,-24.879,-27.447,-30.006,-32.556,-35.097,-37.627,-40.146,-42.654,-45.148,-47.629,-50.096,-52.548,-54.984,-57.403,-59.806,-62.19,-64.556,-66.903,-69.229,-71.534,-73.818,-76.08,-78.319,-80.534,-82.725,-84.892,-87.032,-89.147,-91.234,-93.294,-95.326,-97.329,-99.303,-101.25,-103.16,-105.04,-106.89,-108.71,-110.49,-112.25,-113.96,-115.65,-117.3,-118.91,-120.49,-122.03,-123.53,-125,-126.43,-127.82,-129.17,-130.48,-131.75,-132.99,-134.18,-135.33,-136.45,-137.52,-138.54,-139.53,-140.48,-141.38,-142.24,-143.05,-143.83,-144.56,-145.24,-145.88,-146.48,-147.03,-147.54,-148.01,-148.43,-148.8,-149.13,-149.41,-149.65,-149.85,-149.99,-150.1,-150.15,-150.17,-150.13,-150.05,-149.93,-149.76,-149.54,-149.28,-148.98,-148.63,-148.23,-147.79,-147.31,-146.78,-146.2,-145.58,-144.92,-144.21,-143.46,-142.67,-141.83,-140.95,-140.03,-139.07,-138.06,-137.01,-135.92,-134.79,-133.62,-132.4,-131.15,-129.86,-128.53,-127.16,-125.75,-124.3,-122.82,-121.3,-119.74
-75.015,-72.821,-70.605,-68.367,-66.109,-63.831,-61.533,-59.217,-56.883,-54.531,-52.163,-49.78,-47.381,-44.968,-42.542,-40.102,-37.651,-35.188,-32.715,-30.231,-27.739,-25.239,-22.73,-20.215,-17.694,-15.168,-12.637,-10.103,-7.5655,-5.0259,-2.4849,0.056746,2.5982,5.1388,7.6777,10.214,12.747,15.276,17.801,20.32,22.832,25.337,27.835,30.324,32.804,35.273,37.732,40.179,42.613,45.035,47.442,49.835,52.213,54.575,56.92,59.247,61.557,63.847,66.118,68.369,70.598,72.806,74.992,77.155,79.294,81.409,83.499,85.563,87.601,89.613,91.596,93.552,95.48,97.378,99.246,101.08,102.89,104.67,106.41,108.12,109.8,111.44,113.05,114.63,116.17,117.67,119.14,120.58,121.97,123.33,124.65,125.93,127.18,128.38,129.55,130.68,131.76,132.81,133.82,134.78,135.7,136.59,137.43,138.23,138.98,139.7,140.37,141,141.58,142.12,142.62,143.08,143.49,143.85,144.18,144.46,144.69,144.88,145.03,145.13,145.19,145.21,145.17,145.1,144.98,144.82,144.61,144.36,144.06,143.72,143.34,142.91,142.44,141.92,141.37,140.76,140.12,139.43,138.7,137.93,137.12,136.26,135.36,134.42,133.44,132.42,131.36,130.26,129.12,127.93,126.71,125.46,124.16,122.82,121.45,120.04,118.59,117.11,115.59,114.04,112.45,110.83,109.17,107.48,105.76,104,102.21,100.39,98.545,96.666,94.756,92.818,90.852,88.858,86.836,84.788,82.714,80.615,78.49,76.342,74.171,71.977,69.76,67.523,65.264,62.986,60.688,58.372,56.038,53.687,51.319,48.935,46.536,44.124,41.697,39.258,36.806,34.343,31.87,29.387,26.895,24.394,21.886,19.371,16.85,14.324,11.793,9.2583,6.7209,4.1813,1.6403,-0.90133,-3.4428,-5.9834,-8.5222,-11.059,-13.592,-16.121,-18.645,-21.164,-23.677,-26.182,-28.68,-31.169,-33.648,-36.118,-38.576,-41.023,-43.458,-45.879,-48.287,-50.68,-53.058,-55.42,-57.764,-60.092,-62.401,-64.692,-66.963,-69.213,-71.443,-73.651,-75.837,-77.999,-80.139,-82.253,-84.343,-86.408,-88.446,-90.457,-92.441,-94.397,-96.324,-98.222,-100.09,-101.93,-103.74,-105.51,-107.25,-108.97,-110.64,-112.29,-113.9,-115.47,-117.01,-118.52,-119.99,-121.42,-122.82,-124.18,-125.5,-126.78,-128.02,-129.23,-130.39,-131.52,-132.61,-133.65,-134.66,-135.63,-136.55,-137.43,-138.27,-139.07,-139.83,-140.54,-141.21,-141.84,-142.43,-142.97,-143.47,-143.92,-144.33,-144.7,-145.02,-145.3,-145.54,-145.73,-145.88,-145.98,-146.04,-146.05,-146.02,-145.94,-145.83,-145.66,-145.45,-145.2,-144.91,-144.57,-144.18,-143.75,-143.28,-142.77,-142.21,-141.61,-140.96,-140.28,-139.55,-138.77,-137.96,-137.1,-136.21,-135.27,-134.29,-133.26,-132.2,-131.1,-129.96,-128.78,-127.56,-126.3,-125,-123.67,-122.29,-120.89,-119.44,-117.96,-116.44,-114.88,-113.29,-111.67,-110.01,-108.32,-106.6,-104.85,-103.06,-101.24,-99.39,-97.51,-95.601,-93.663,-91.696,-89.702,-87.681,-85.633,-83.558,-81.459,-79.335,-77.187
-77.221,-75.657,-74.069,-72.459,-70.826,-69.171,-67.494,-65.797,-64.079,-62.341,-60.584,-58.807,-57.013,-55.2,-53.371,-51.524,-49.662,-47.784,-45.891,-43.984,-42.062,-40.128,-38.181,-36.222,-34.251,-32.27,-30.278,-28.276,-26.266,-24.247,-22.22,-20.186,-18.146,-16.099,-14.048,-11.991,-9.9306,-7.8665,-5.7997,-3.7306,-1.66,0.41155,2.4834,4.555,6.6255,8.6945,10.761,12.825,14.886,16.942,18.994,21.04,23.08,25.114,27.14,29.159,31.169,33.17,35.162,37.143,39.113,41.072,43.019,44.953,46.874,48.78,50.673,52.55,54.412,56.258,58.087,59.899,61.693,63.469,65.225,66.963,68.68,70.377,72.053,73.707,75.339,76.949,78.536,80.099,81.638,83.153,84.643,86.108,87.547,88.959,90.345,91.704,93.035,94.339,95.614,96.86,98.078,99.266,100.42,101.55,102.65,103.72,104.75,105.75,106.73,107.67,108.57,109.45,110.29,111.1,111.88,112.62,113.33,114,114.64,115.25,115.82,116.35,116.85,117.32,117.75,118.14,118.5,118.83,119.11,119.37,119.58,119.76,119.91,120.01,120.09,120.12,120.12,120.08,120.01,119.9,119.76,119.58,119.36,119.1,118.82,118.49,118.13,117.74,117.3,116.84,116.34,115.8,115.23,114.62,113.98,113.3,112.6,111.85,111.08,110.27,109.42,108.55,107.64,106.7,105.72,104.72,103.68,102.61,101.52,100.39,99.228,98.039,96.821,95.573,94.297,92.993,91.661,90.301,88.914,87.501,86.061,84.596,83.105,81.589,80.049,78.485,76.898,75.287,73.654,71.999,70.323,68.625,66.907,65.169,63.412,61.636,59.841,58.029,56.199,54.353,52.49,50.612,48.719,46.812,44.891,42.956,41.009,39.05,37.079,35.098,33.106,31.105,29.094,27.075,25.049,23.015,20.974,18.928,16.876,14.82,12.759,10.695,8.6281,6.5591,4.4885,2.4169,0.34504,-1.7265,-3.7971,-5.8661,-7.9328,-9.9968,-12.057,-14.114,-16.165,-18.211,-20.252,-22.285,-24.312,-26.331,-28.341,-30.342,-32.333,-34.314,-36.285,-38.244,-40.19,-42.124,-44.045,-45.952,-47.845,-49.722,-51.584,-53.43,-55.259,-57.071,-58.865,-60.64,-62.397,-64.134,-65.852,-67.548,-69.224,-70.879,-72.511,-74.121,-75.707,-77.271,-78.81,-80.325,-81.815,-83.279,-84.718,-86.131,-87.517,-88.876,-90.207,-91.51,-92.785,-94.032,-95.249,-96.437,-97.595,-98.723,-99.821,-100.89,-101.92,-102.93,-103.9,-104.84,-105.75,-106.62,-107.46,-108.27,-109.05,-109.79,-110.5,-111.17,-111.81,-112.42,-112.99,-113.52,-114.02,-114.49,-114.92,-115.31,-115.67,-116,-116.29,-116.54,-116.75,-116.93,-117.08,-117.18,-117.26,-117.29,-117.29,-117.25,-117.18,-117.07,-116.93,-116.75,-116.53,-116.28,-115.99,-115.66,-115.3,-114.91,-114.48,-114.01,-113.51,-112.97,-112.4,-111.79,-111.15,-110.48,-109.77,-109.02,-108.25,-107.44,-106.59,-105.72,-104.81,-103.87,-102.89,-101.89,-100.85,-99.786,-98.687,-97.558,-96.399,-95.211,-93.992,-92.745,-91.469,-90.165,-88.832,-87.473,-86.086,-84.672,-83.233,-81.767,-80.277,-78.761
-112.69,-111.37,-110.01,-108.62,-107.2,-105.75,-104.26,-102.74,-101.19,-99.61,-97.999,-96.357,-94.685,-92.985,-91.256,-89.499,-87.715,-85.904,-84.066,-82.203,-80.314,-78.401,-76.463,-74.503,-72.519,-70.513,-68.485,-66.436,-64.367,-62.278,-60.17,-58.043,-55.899,-53.737,-51.558,-49.364,-47.155,-44.931,-42.693,-40.441,-38.178,-35.902,-33.616,-31.319,-29.012,-26.696,-24.372,-22.04,-19.701,-17.357,-15.006,-12.651,-10.292,-7.9295,-5.5644,-3.1974,-0.8292,1.5394,3.9078,6.2751,8.6408,11.004,13.364,15.72,18.072,20.418,22.758,25.092,27.418,29.736,32.045,34.344,36.633,38.912,41.178,43.433,45.674,47.901,50.114,52.312,54.495,56.661,58.809,60.94,63.053,65.147,67.221,69.275,71.308,73.319,75.308,77.275,79.218,81.137,83.032,84.901,86.745,88.563,90.354,92.118,93.853,95.561,97.239,98.888,100.51,102.1,103.65,105.18,106.67,108.14,109.57,110.96,112.33,113.65,114.95,116.21,117.43,118.62,119.77,120.89,121.97,123.01,124.02,124.99,125.92,126.81,127.66,128.48,129.25,129.99,130.69,131.34,131.96,132.54,133.08,133.57,134.03,134.45,134.82,135.16,135.45,135.7,135.92,136.09,136.21,136.3,136.35,136.35,136.32,136.24,136.12,135.96,135.76,135.52,135.23,134.91,134.54,134.14,133.69,133.2,132.67,132.11,131.5,130.85,130.16,129.43,128.67,127.86,127.02,126.14,125.22,124.26,123.26,122.23,121.16,120.05,118.9,117.72,116.51,115.26,113.97,112.65,111.3,109.91,108.49,107.03,105.55,104.03,102.48,100.9,99.284,97.642,95.971,94.27,92.542,90.785,89,87.189,85.352,83.488,81.6,79.686,77.749,75.788,73.804,71.798,69.77,67.722,65.652,63.563,61.455,59.329,57.184,55.022,52.844,50.65,48.44,46.216,43.978,41.727,39.463,37.188,34.901,32.604,30.297,27.982,25.657,23.326,20.987,18.642,16.292,13.937,11.577,9.2149,6.8498,4.4828,2.1146,-0.25399,-2.6223,-4.9897,-7.3553,-9.7185,-12.079,-14.435,-16.786,-19.133,-21.473,-23.806,-26.132,-28.45,-30.759,-33.059,-35.348,-37.626,-39.893,-42.147,-44.388,-46.616,-48.829,-51.027,-53.209,-55.375,-57.524,-59.655,-61.768,-63.862,-65.936,-67.989,-70.022,-72.034,-74.023,-75.989,-77.932,-79.852,-81.746,-83.616,-85.46,-87.278,-89.068,-90.832,-92.568,-94.275,-95.954,-97.603,-99.222,-100.81,-102.37,-103.89,-105.39,-106.85,-108.28,-109.68,-111.04,-112.37,-113.66,-114.92,-116.15,-117.33,-118.49,-119.6,-120.68,-121.73,-122.73,-123.7,-124.63,-125.52,-126.38,-127.19,-127.97,-128.7,-129.4,-130.06,-130.68,-131.25,-131.79,-132.29,-132.75,-133.16,-133.54,-133.87,-134.17,-134.42,-134.63,-134.8,-134.93,-135.02,-135.06,-135.07,-135.03,-134.95,-134.84,-134.68,-134.47,-134.23,-133.95,-133.62,-133.26,-132.85,-132.4,-131.92,-131.39,-130.82,-130.21,-129.56,-128.88,-128.15,-127.38,-126.58,-125.73,-124.85,-123.93,-122.97,-121.97,-120.94,-119.87,-118.76,-117.62,-116.44,-115.22,-113.97
-81.098,-80.323,-79.522,-78.696,-77.846,-76.971,-76.072,-75.149,-74.203,-73.233,-72.241,-71.226,-70.188,-69.128,-68.047,-66.944,-65.82,-64.675,-63.51,-62.325,-61.12,-59.896,-58.653,-57.391,-56.112,-54.814,-53.499,-52.168,-50.819,-49.455,-48.074,-46.679,-45.268,-43.843,-42.404,-40.951,-39.485,-38.007,-36.516,-35.013,-33.499,-31.975,-30.439,-28.894,-27.339,-25.776,-24.203,-22.623,-21.035,-19.44,-17.839,-16.231,-14.618,-12.999,-11.376,-9.749,-8.1181,-6.484,-4.8473,-3.2085,-1.5679,0.073746,1.7161,3.3586,5.0008,6.6421,8.2821,9.9202,11.556,13.189,14.819,16.444,18.066,19.683,21.294,22.899,24.499,26.091,27.676,29.254,30.823,32.384,33.935,35.477,37.008,38.529,40.039,41.537,43.024,44.498,45.959,47.407,48.841,50.261,51.666,53.056,54.431,55.79,57.132,58.458,59.767,61.058,62.331,63.586,64.822,66.039,67.237,68.415,69.573,70.71,71.826,72.922,73.995,75.047,76.077,77.084,78.068,79.029,79.967,80.882,81.772,82.638,83.479,84.296,85.088,85.854,86.595,87.311,88,88.664,89.301,89.911,90.495,91.052,91.582,92.084,92.56,93.007,93.428,93.82,94.184,94.521,94.829,95.109,95.361,95.585,95.78,95.946,96.084,96.194,96.274,96.327,96.35,96.345,96.311,96.249,96.157,96.038,95.889,95.713,95.507,95.274,95.011,94.721,94.403,94.056,93.682,93.279,92.849,92.391,91.906,91.394,90.854,90.288,89.694,89.074,88.427,87.755,87.056,86.331,85.581,84.805,84.004,83.179,82.328,81.454,80.555,79.632,78.686,77.716,76.723,75.708,74.67,73.611,72.529,71.426,70.302,69.158,67.992,66.807,65.603,64.378,63.135,61.874,60.594,59.297,57.982,56.65,55.302,53.937,52.557,51.161,49.75,48.325,46.886,45.434,43.968,42.489,40.998,39.496,37.982,36.457,34.922,33.377,31.822,30.258,28.686,27.106,25.518,23.923,22.321,20.714,19.1,17.482,15.859,14.231,12.601,10.966,9.3298,7.6909,6.0504,4.4087,2.7663,1.1238,-0.51832,-2.1596,-3.7996,-5.4378,-7.0736,-8.7065,-10.336,-11.962,-13.583,-15.2,-16.811,-18.417,-20.016,-21.609,-23.194,-24.771,-26.341,-27.901,-29.452,-30.994,-32.526,-34.047,-35.557,-37.055,-38.541,-40.015,-41.477,-42.924,-44.358,-45.778,-47.184,-48.574,-49.948,-51.307,-52.65,-53.975,-55.284,-56.575,-57.848,-59.103,-60.34,-61.557,-62.755,-63.932,-65.09,-66.227,-67.344,-68.439,-69.513,-70.565,-71.594,-72.601,-73.586,-74.547,-75.485,-76.399,-77.289,-78.155,-78.997,-79.814,-80.605,-81.372,-82.113,-82.828,-83.518,-84.181,-84.818,-85.429,-86.013,-86.569,-87.099,-87.602,-88.077,-88.525,-88.945,-89.337,-89.702,-90.038,-90.347,-90.627,-90.879,-91.102,-91.297,-91.464,-91.602,-91.711,-91.792,-91.844,-91.868,-91.862,-91.829,-91.766,-91.675,-91.555,-91.407,-91.23,-91.025,-90.791,-90.529,-90.239,-89.92,-89.574,-89.199,-88.797,-88.367,-87.909,-87.424,-86.911,-86.372,-85.805,-85.212,-84.592,-83.945,-83.272,-82.573,-81.849
-10.854,-8.5156,-6.1742,-3.8309,-1.4863,0.85887,3.2038,5.5479,7.8904,10.231,12.568,14.901,17.23,19.554,21.872,24.183,26.487,28.783,31.071,33.349,35.617,37.874,40.12,42.354,44.574,46.782,48.975,51.153,53.316,55.463,57.593,59.705,61.8,63.876,65.932,67.968,69.984,71.978,73.951,75.901,77.828,79.732,81.611,83.466,85.295,87.098,88.875,90.625,92.348,94.042,95.708,97.345,98.952,100.53,102.08,103.59,105.08,106.53,107.95,109.33,110.69,112.01,113.3,114.55,115.76,116.95,118.09,119.2,120.28,121.31,122.32,123.28,124.2,125.09,125.94,126.76,127.53,128.26,128.96,129.62,130.23,130.81,131.35,131.85,132.31,132.72,133.1,133.44,133.73,133.99,134.21,134.38,134.51,134.61,134.66,134.67,134.64,134.57,134.45,134.3,134.11,133.87,133.6,133.28,132.93,132.53,132.09,131.62,131.1,130.54,129.94,129.31,128.63,127.92,127.17,126.37,125.54,124.67,123.77,122.82,121.84,120.82,119.77,118.68,117.55,116.39,115.19,113.95,112.69,111.38,110.05,108.68,107.27,105.84,104.37,102.87,101.34,99.781,98.189,96.568,94.917,93.238,91.53,89.794,88.031,86.242,84.426,82.585,80.718,78.827,76.912,74.974,73.013,71.03,69.025,67,64.954,62.888,60.804,58.7,56.58,54.441,52.287,50.117,47.931,45.731,43.517,41.29,39.051,36.799,34.537,32.264,29.981,27.69,25.39,23.082,20.767,18.447,16.12,13.789,11.454,9.115,6.7737,4.4303,2.0858,-0.25938,-2.6043,-4.9484,-7.2909,-9.6311,-11.968,-14.302,-16.631,-18.954,-21.272,-23.584,-25.888,-28.184,-30.471,-32.749,-35.017,-37.275,-39.52,-41.754,-43.975,-46.182,-48.376,-50.554,-52.717,-54.864,-56.994,-59.106,-61.2,-63.276,-65.332,-67.369,-69.384,-71.379,-73.351,-75.302,-77.229,-79.132,-81.012,-82.866,-84.696,-86.499,-88.276,-90.026,-91.748,-93.443,-95.108,-96.745,-98.352,-99.93,-101.48,-102.99,-104.48,-105.93,-107.35,-108.74,-110.09,-111.41,-112.7,-113.95,-115.16,-116.35,-117.49,-118.6,-119.68,-120.71,-121.72,-122.68,-123.61,-124.49,-125.34,-126.16,-126.93,-127.66,-128.36,-129.02,-129.63,-130.21,-130.75,-131.25,-131.71,-132.12,-132.5,-132.84,-133.14,-133.39,-133.61,-133.78,-133.91,-134.01,-134.06,-134.07,-134.04,-133.97,-133.86,-133.7,-133.51,-133.27,-133,-132.68,-132.33,-131.93,-131.49,-131.02,-130.5,-129.94,-129.35,-128.71,-128.03,-127.32,-126.57,-125.77,-124.94,-124.07,-123.17,-122.22,-121.24,-120.22,-119.17,-118.08,-116.95,-115.79,-114.59,-113.35,-112.09,-110.78,-109.45,-108.08,-106.68,-105.24,-103.77,-102.27,-100.74,-99.181,-97.59,-95.968,-94.318,-92.638,-90.93,-89.195,-87.432,-85.642,-83.826,-81.985,-80.119,-78.228,-76.313,-74.375,-72.414,-70.43,-68.426,-66.4,-64.354,-62.289,-60.204,-58.101,-55.98,-53.842,-51.687,-49.517,-47.332,-45.132,-42.918,-40.691,-38.451,-36.2,-33.937,-31.664,-29.382,-27.09,-24.79,-22.482,-20.168,-17.847,-15.521,-13.19
-4.6394,-3.7102,-2.779,-1.8461,-0.91178,0.02368,0.95999,1.8969,2.834,3.7712,4.7081,5.6443,6.5798,7.5141,8.4469,9.3781,10.307,11.234,12.158,13.08,13.998,14.913,15.824,16.732,17.635,18.533,19.427,20.316,21.199,22.077,22.949,23.814,24.674,25.526,26.372,27.211,28.042,28.866,29.681,30.489,31.288,32.078,32.859,33.631,34.394,35.148,35.891,36.624,37.347,38.06,38.761,39.452,40.132,40.8,41.457,42.102,42.735,43.356,43.964,44.56,45.143,45.714,46.271,46.815,47.346,47.863,48.366,48.855,49.331,49.792,50.239,50.672,51.09,51.493,51.881,52.255,52.613,52.957,53.285,53.597,53.894,54.176,54.442,54.692,54.927,55.145,55.348,55.534,55.705,55.859,55.998,56.12,56.226,56.315,56.388,56.445,56.486,56.51,56.518,56.51,56.485,56.444,56.386,56.313,56.223,56.116,55.994,55.855,55.7,55.529,55.342,55.139,54.92,54.685,54.434,54.168,53.886,53.588,53.275,52.947,52.603,52.244,51.87,51.481,51.078,50.659,50.226,49.779,49.317,48.841,48.351,47.848,47.33,46.799,46.255,45.697,45.126,44.543,43.946,43.338,42.716,42.083,41.438,40.781,40.112,39.432,38.741,38.039,37.326,36.603,35.869,35.126,34.372,33.609,32.836,32.055,31.264,30.465,29.657,28.842,28.018,27.186,26.348,25.502,24.649,23.789,22.923,22.051,21.173,20.29,19.401,18.507,17.608,16.705,15.798,14.886,13.971,13.053,12.131,11.207,10.28,9.3507,8.4195,7.4866,6.5523,5.6169,4.6805,3.7437,2.8065,1.8693,0.93248,-0.0038101,-0.93924,-1.8735,-2.8064,-3.7375,-4.6667,-5.5935,-6.5178,-7.4393,-8.3576,-9.2726,-10.184,-11.091,-11.994,-12.893,-13.786,-14.675,-15.558,-16.436,-17.308,-18.174,-19.033,-19.886,-20.732,-21.57,-22.402,-23.225,-24.041,-24.848,-25.647,-26.437,-27.219,-27.991,-28.754,-29.507,-30.25,-30.984,-31.707,-32.419,-33.121,-33.812,-34.491,-35.16,-35.816,-36.461,-37.094,-37.715,-38.324,-38.92,-39.503,-40.073,-40.63,-41.174,-41.705,-42.222,-42.725,-43.215,-43.69,-44.152,-44.599,-45.031,-45.449,-45.852,-46.241,-46.614,-46.973,-47.316,-47.644,-47.957,-48.254,-48.535,-48.801,-49.052,-49.286,-49.505,-49.707,-49.894,-50.064,-50.219,-50.357,-50.479,-50.585,-50.675,-50.748,-50.805,-50.845,-50.87,-50.878,-50.869,-50.845,-50.803,-50.746,-50.672,-50.582,-50.476,-50.353,-50.214,-50.06,-49.888,-49.701,-49.498,-49.279,-49.044,-48.794,-48.527,-48.245,-47.948,-47.635,-47.306,-46.962,-46.604,-46.23,-45.841,-45.437,-45.019,-44.586,-44.138,-43.677,-43.201,-42.711,-42.207,-41.69,-41.159,-40.614,-40.057,-39.486,-38.902,-38.306,-37.697,-37.076,-36.443,-35.797,-35.14,-34.472,-33.792,-33.1,-32.398,-31.686,-30.962,-30.229,-29.485,-28.731,-27.968,-27.196,-26.414,-25.624,-24.824,-24.017,-23.201,-22.377,-21.546,-20.707,-19.861,-19.008,-18.149,-17.283,-16.411,-15.533,-14.649,-13.76,-12.866,-11.968,-11.064,-10.157,-9.2457,-8.3307,-7.4123,-6.4907,-5.5663
17.192,17.108,17.019,16.925,16.828,16.726,16.62,16.509,16.394,16.276,16.152,16.025,15.894,15.759,15.619,15.476,15.329,15.177,15.022,14.864,14.701,14.535,14.365,14.192,14.015,13.835,13.651,13.464,13.273,13.079,12.882,12.682,12.479,12.273,12.064,11.852,11.637,11.42,11.2,10.977,10.751,10.523,10.293,10.061,9.8256,9.5885,9.3493,9.108,8.8648,8.6196,8.3726,8.1238,7.8734,7.6213,7.3677,7.1127,6.8563,6.5986,6.3397,6.0796,5.8185,5.5564,5.2934,5.0296,4.7651,4.4998,4.2341,3.9678,3.7011,3.434,3.1667,2.8993,2.6317,2.3642,2.0967,1.8293,1.5622,1.2954,1.0291,0.76316,0.49781,0.23311,-0.030877,-0.29406,-0.55636,-0.81769,-1.078,-1.3372,-1.5951,-1.8518,-2.1072,-2.3611,-2.6135,-2.8643,-3.1134,-3.3608,-3.6064,-3.8501,-4.0918,-4.3315,-4.569,-4.8044,-5.0376,-5.2684,-5.4968,-5.7227,-5.9461,-6.1669,-6.385,-6.6004,-6.813,-7.0227,-7.2295,-7.4333,-7.634,-7.8317,-8.0261,-8.2173,-8.4052,-8.5898,-8.7709,-8.9486,-9.1227,-9.2933,-9.4603,-9.6236,-9.7831,-9.9389,-10.091,-10.239,-10.383,-10.523,-10.66,-10.792,-10.92,-11.044,-11.164,-11.28,-11.391,-11.498,-11.601,-11.699,-11.794,-11.883,-11.969,-12.05,-12.126,-12.198,-12.266,-12.329,-12.387,-12.441,-12.49,-12.535,-12.575,-12.61,-12.641,-12.667,-12.689,-12.706,-12.718,-12.725,-12.728,-12.726,-12.72,-12.709,-12.693,-12.672,-12.647,-12.618,-12.583,-12.544,-12.5,-12.452,-12.399,-12.342,-12.28,-12.213,-12.142,-12.067,-11.987,-11.902,-11.814,-11.72,-11.623,-11.521,-11.415,-11.304,-11.189,-11.071,-10.947,-10.82,-10.689,-10.554,-10.414,-10.271,-10.124,-9.9724,-9.8175,-9.6587,-9.4963,-9.3301,-9.1603,-8.9869,-8.81,-8.6296,-8.4458,-8.2586,-8.0681,-7.8744,-7.6775,-7.4774,-7.2743,-7.0681,-6.859,-6.6471,-6.4323,-6.2148,-5.9945,-5.7717,-5.5463,-5.3184,-5.0881,-4.8555,-4.6206,-4.3835,-4.1443,-3.903,-3.6597,-3.4146,-3.1676,-2.9188,-2.6684,-2.4163,-2.1627,-1.9077,-1.6513,-1.3936,-1.1347,-0.87461,-0.6135,-0.3514,-0.088409,0.17541,0.43996,0.70517,0.97096,1.2373,1.504,1.771,2.0383,2.3057,2.5733,2.8409,3.1084,3.3757,3.6428,3.9096,4.176,4.4419,4.7072,4.9719,5.2359,5.4991,5.7614,6.0227,6.283,6.5422,6.8002,7.0568,7.3122,7.5661,7.8185,8.0693,8.3184,8.5658,8.8114,9.0551,9.2968,9.5365,9.7741,10.009,10.243,10.473,10.702,10.928,11.151,11.372,11.59,11.805,12.018,12.228,12.435,12.638,12.839,13.037,13.231,13.422,13.61,13.795,13.976,14.154,14.328,14.498,14.665,14.829,14.988,15.144,15.296,15.444,15.588,15.728,15.865,15.997,16.125,16.249,16.369,16.485,16.596,16.703,16.806,16.905,16.999,17.088,17.174,17.255,17.331,17.403,17.471,17.534,17.592,17.646,17.695,17.74,17.78,17.815,17.846,17.872,17.894,17.911,17.923,17.93,17.933,17.931,17.925,17.914,17.898,17.877,17.852,17.823,17.788,17.749,17.705,17.657,17.604,17.547,17.485,17.418,17.347,17.272
18.278,18.47,18.656,18.838,19.014,19.184,19.349,19.509,19.662,19.811,19.953,20.09,20.221,20.347,20.466,20.58,20.688,20.79,20.886,20.976,21.059,21.137,21.209,21.275,21.334,21.388,21.435,21.476,21.511,21.54,21.563,21.579,21.59,21.594,21.591,21.583,21.569,21.548,21.521,21.488,21.448,21.403,21.351,21.293,21.23,21.16,21.084,21.001,20.913,20.819,20.719,20.613,20.501,20.383,20.26,20.13,19.995,19.854,19.708,19.555,19.398,19.234,19.065,18.891,18.712,18.527,18.336,18.141,17.94,17.735,17.524,17.308,17.088,16.862,16.632,16.397,16.158,15.914,15.665,15.412,15.155,14.893,14.628,14.358,14.084,13.807,13.525,13.24,12.951,12.658,12.362,12.063,11.76,11.455,11.146,10.834,10.519,10.201,9.8804,9.5573,9.2316,8.9035,8.573,8.2403,7.9055,7.5687,7.2299,6.8892,6.5469,6.2029,5.8574,5.5105,5.1623,4.8129,4.4624,4.1109,3.7585,3.4054,3.0516,2.6972,2.3424,1.9873,1.6319,1.2764,0.92082,0.56539,0.21015,-0.14477,-0.49928,-0.85327,-1.2066,-1.5592,-1.911,-2.2618,-2.6116,-2.9601,-3.3075,-3.6534,-3.9978,-4.3407,-4.6818,-5.0212,-5.3586,-5.6941,-6.0274,-6.3586,-6.6874,-7.0138,-7.3377,-7.659,-7.9776,-8.2934,-8.6063,-8.9162,-9.223,-9.5267,-9.827,-10.124,-10.418,-10.708,-10.994,-11.277,-11.555,-11.83,-12.101,-12.368,-12.631,-12.889,-13.144,-13.394,-13.639,-13.88,-14.116,-14.348,-14.575,-14.797,-15.014,-15.226,-15.433,-15.635,-15.832,-16.024,-16.211,-16.392,-16.568,-16.738,-16.903,-17.063,-17.217,-17.365,-17.508,-17.645,-17.776,-17.901,-18.021,-18.134,-18.242,-18.344,-18.44,-18.53,-18.614,-18.692,-18.763,-18.829,-18.889,-18.942,-18.99,-19.031,-19.066,-19.095,-19.117,-19.134,-19.144,-19.148,-19.146,-19.137,-19.123,-19.102,-19.075,-19.042,-19.003,-18.957,-18.906,-18.848,-18.784,-18.714,-18.638,-18.556,-18.468,-18.374,-18.273,-18.167,-18.056,-17.938,-17.814,-17.685,-17.549,-17.409,-17.262,-17.11,-16.952,-16.789,-16.62,-16.446,-16.266,-16.081,-15.891,-15.695,-15.495,-15.289,-15.078,-14.863,-14.642,-14.416,-14.186,-13.951,-13.712,-13.468,-13.219,-12.966,-12.709,-12.448,-12.182,-11.912,-11.639,-11.361,-11.079,-10.794,-10.505,-10.213,-9.9168,-9.6174,-9.3148,-9.0089,-8.6999,-8.3879,-8.073,-7.7552,-7.4347,-7.1116,-6.7859,-6.4578,-6.1274,-5.7947,-5.4598,-5.123,-4.7842,-4.4436,-4.1012,-3.7572,-3.4117,-3.0648,-2.7166,-2.3672,-2.0167,-1.6652,-1.3129,-0.95972,-0.60591,-0.25155,0.10327,0.45842,0.81381,1.1693,1.5248,1.8803,2.2355,2.5904,2.945,3.2989,3.6523,4.0049,4.3567,4.7075,5.0572,5.4058,5.7531,6.099,6.4435,6.7863,7.1275,7.4669,7.8043,8.1398,8.4731,8.8042,9.1331,9.4595,9.7834,10.105,10.423,10.739,11.052,11.362,11.669,11.972,12.273,12.57,12.863,13.153,13.44,13.722,14.001,14.276,14.547,14.814,15.077,15.335,15.589,15.839,16.085,16.325,16.562,16.793,17.02,17.242,17.459,17.672,17.879,18.081
27.208,28.578,29.941,31.294,32.638,33.973,35.298,36.612,37.916,39.208,40.489,41.758,43.015,44.259,45.49,46.707,47.911,49.1,50.275,51.435,52.58,53.709,54.822,55.919,56.999,58.062,59.108,60.136,61.147,62.139,63.113,64.067,65.003,65.919,66.816,67.692,68.549,69.385,70.2,70.994,71.767,72.519,73.248,73.956,74.642,75.306,75.946,76.565,77.16,77.732,78.281,78.806,79.308,79.786,80.24,80.67,81.076,81.458,81.815,82.147,82.455,82.739,82.997,83.231,83.44,83.623,83.782,83.915,84.023,84.107,84.164,84.197,84.204,84.186,84.143,84.075,83.981,83.863,83.719,83.55,83.356,83.137,82.893,82.624,82.33,82.012,81.669,81.302,80.91,80.494,80.054,79.59,79.102,78.59,78.055,77.496,76.915,76.31,75.682,75.032,74.359,73.664,72.947,72.208,71.448,70.666,69.863,69.039,68.194,67.33,66.445,65.54,64.615,63.672,62.709,61.728,60.728,59.71,58.674,57.621,56.551,55.464,54.36,53.24,52.105,50.954,49.787,48.606,47.411,46.202,44.979,43.742,42.493,41.231,39.957,38.671,37.374,36.066,34.747,33.418,32.079,30.731,29.374,28.008,26.634,25.253,23.864,22.469,21.066,19.658,18.245,16.826,15.402,13.974,12.542,11.107,9.6691,8.2284,6.7856,5.3411,3.8953,2.4488,1.002,-0.44481,-1.8911,-3.3363,-4.7802,-6.2222,-7.6619,-9.0989,-10.533,-11.963,-13.389,-14.811,-16.228,-17.639,-19.045,-20.444,-21.837,-23.223,-24.601,-25.971,-27.334,-28.687,-30.031,-31.366,-32.691,-34.005,-35.309,-36.601,-37.882,-39.151,-40.408,-41.652,-42.883,-44.1,-45.304,-46.493,-47.668,-48.828,-49.973,-51.102,-52.215,-53.312,-54.392,-55.455,-56.501,-57.529,-58.54,-59.532,-60.506,-61.46,-62.396,-63.312,-64.209,-65.086,-65.942,-66.778,-67.593,-68.387,-69.16,-69.912,-70.642,-71.349,-72.035,-72.699,-73.34,-73.958,-74.553,-75.125,-75.674,-76.199,-76.701,-77.179,-77.633,-78.063,-78.469,-78.851,-79.208,-79.54,-79.849,-80.132,-80.39,-80.624,-80.833,-81.016,-81.175,-81.308,-81.416,-81.5,-81.557,-81.59,-81.597,-81.58,-81.536,-81.468,-81.374,-81.256,-81.112,-80.943,-80.749,-80.53,-80.286,-80.017,-79.723,-79.405,-79.062,-78.695,-78.303,-77.887,-77.447,-76.983,-76.495,-75.983,-75.448,-74.889,-74.308,-73.703,-73.075,-72.425,-71.752,-71.057,-70.34,-69.601,-68.841,-68.059,-67.256,-66.432,-65.588,-64.723,-63.838,-62.933,-62.008,-61.065,-60.102,-59.121,-58.121,-57.103,-56.067,-55.014,-53.944,-52.857,-51.753,-50.633,-49.498,-48.347,-47.181,-46,-44.804,-43.595,-42.372,-41.135,-39.886,-38.624,-37.35,-36.064,-34.767,-33.459,-32.14,-30.811,-29.472,-28.124,-26.767,-25.401,-24.028,-22.646,-21.257,-19.862,-18.46,-17.051,-15.638,-14.219,-12.795,-11.367,-9.9355,-8.5004,-7.0622,-5.6215,-4.1786,-2.7341,-1.2884,0.1581,1.605,3.0517,4.498,5.9433,7.3871,8.8291,10.269,11.706,13.14,14.57,15.996,17.418,18.834,20.246,21.652,23.051,24.444,25.83
11.374,12.347,13.316,14.281,15.242,16.198,17.149,18.095,19.036,19.971,20.899,21.821,22.737,23.646,24.547,25.441,26.328,27.206,28.076,28.937,29.79,30.633,31.467,32.292,33.107,33.911,34.706,35.49,36.263,37.025,37.775,38.514,39.242,39.957,40.66,41.351,42.03,42.695,43.348,43.987,44.613,45.225,45.824,46.408,46.979,47.535,48.077,48.604,49.116,49.613,50.095,50.562,51.013,51.449,51.87,52.274,52.663,53.035,53.392,53.732,54.055,54.363,54.653,54.927,55.185,55.425,55.649,55.855,56.045,56.218,56.373,56.511,56.632,56.736,56.823,56.892,56.944,56.979,56.996,56.996,56.978,56.943,56.891,56.821,56.735,56.63,56.509,56.371,56.215,56.042,55.852,55.645,55.421,55.18,54.923,54.648,54.357,54.05,53.726,53.385,53.029,52.656,52.267,51.862,51.442,51.006,50.554,50.087,49.604,49.107,48.594,48.067,47.525,46.969,46.398,45.813,45.214,44.602,43.976,43.336,42.684,42.018,41.339,40.648,39.945,39.229,38.501,37.762,37.011,36.249,35.476,34.692,33.897,33.092,32.278,31.453,30.618,29.775,28.922,28.06,27.19,26.312,25.426,24.531,23.63,22.721,21.805,20.883,19.954,19.019,18.079,17.133,16.181,15.225,14.264,13.299,12.33,11.357,10.38,9.4003,8.4178,7.4327,6.4453,5.456,4.465,3.4727,2.4793,1.4852,0.49055,-0.5042,-1.4988,-2.4929,-3.4863,-4.4786,-5.4696,-6.4589,-7.4462,-8.4313,-9.4137,-10.393,-11.37,-12.343,-13.312,-14.277,-15.238,-16.194,-17.145,-18.091,-19.032,-19.967,-20.895,-21.818,-22.733,-23.642,-24.543,-25.437,-26.324,-27.202,-28.072,-28.933,-29.786,-30.629,-31.464,-32.288,-33.103,-33.908,-34.702,-35.486,-36.259,-37.021,-37.771,-38.51,-39.238,-39.953,-40.657,-41.347,-42.026,-42.691,-43.344,-43.983,-44.609,-45.221,-45.82,-46.404,-46.975,-47.531,-48.073,-48.6,-49.112,-49.609,-50.091,-50.558,-51.01,-51.445,-51.866,-52.27,-52.659,-53.031,-53.388,-53.728,-54.051,-54.359,-54.649,-54.923,-55.181,-55.421,-55.645,-55.851,-56.041,-56.214,-56.369,-56.507,-56.629,-56.732,-56.819,-56.888,-56.94,-56.975,-56.992,-56.992,-56.974,-56.939,-56.887,-56.818,-56.731,-56.627,-56.505,-56.367,-56.211,-56.038,-55.848,-55.641,-55.417,-55.176,-54.919,-54.644,-54.353,-54.046,-53.722,-53.381,-53.025,-52.652,-52.263,-51.858,-51.438,-51.002,-50.55,-50.083,-49.6,-49.103,-48.59,-48.063,-47.521,-46.965,-46.394,-45.809,-45.211,-44.598,-43.972,-43.332,-42.68,-42.014,-41.335,-40.644,-39.941,-39.225,-38.497,-37.758,-37.007,-36.245,-35.472,-34.688,-33.893,-33.089,-32.274,-31.449,-30.614,-29.771,-28.918,-28.057,-27.186,-26.308,-25.422,-24.527,-23.626,-22.717,-21.801,-20.879,-19.95,-19.015,-18.075,-17.129,-16.177,-15.221,-14.26,-13.295,-12.326,-11.353,-10.376,-9.3964,-8.4139,-7.4288,-6.4414,-5.4521,-4.4611,-3.4688,-2.4754,-1.4812,-0.48662,0.50813,1.5027,2.4969,3.4903,4.4826,5.4735,6.4628,7.4501,8.4352,9.4177,10.397
9.2786,9.5179,9.7544,9.9881,10.219,10.447,10.671,10.893,11.111,11.326,11.538,11.746,11.951,12.152,12.349,12.543,12.734,12.92,13.103,13.282,13.456,13.627,13.794,13.957,14.115,14.27,14.42,14.566,14.707,14.844,14.977,15.105,15.229,15.348,15.463,15.573,15.678,15.779,15.875,15.966,16.052,16.134,16.211,16.283,16.35,16.413,16.47,16.523,16.57,16.613,16.651,16.684,16.711,16.734,16.752,16.765,16.772,16.775,16.773,16.766,16.754,16.736,16.714,16.687,16.655,16.618,16.575,16.528,16.476,16.419,16.358,16.291,16.219,16.143,16.062,15.976,15.885,15.79,15.689,15.585,15.475,15.361,15.242,15.119,14.991,14.859,14.723,14.582,14.436,14.287,14.133,13.975,13.812,13.646,13.476,13.301,13.123,12.941,12.755,12.565,12.371,12.174,11.973,11.769,11.561,11.35,11.135,10.917,10.696,10.472,10.244,10.014,9.7807,9.5444,9.3054,9.0637,8.8193,8.5723,8.3228,8.0709,7.8166,7.56,7.3013,7.0404,6.7775,6.5126,6.2458,5.9773,5.707,5.4351,5.1617,4.8867,4.6104,4.3328,4.054,3.774,3.493,3.2111,2.9282,2.6446,2.3603,2.0753,1.7899,1.504,1.2177,0.93116,0.64445,0.35765,0.070837,-0.21589,-0.50244,-0.78874,-1.0747,-1.3602,-1.6452,-1.9296,-2.2133,-2.4963,-2.7783,-3.0594,-3.3395,-3.6185,-3.8962,-4.1727,-4.4478,-4.7214,-4.9935,-5.2639,-5.5327,-5.7996,-6.0647,-6.3279,-6.589,-6.848,-7.1048,-7.3593,-7.6115,-7.8613,-8.1086,-8.3533,-8.5953,-8.8346,-9.0712,-9.3048,-9.5356,-9.7633,-9.9879,-10.209,-10.428,-10.643,-10.854,-11.063,-11.267,-11.469,-11.666,-11.86,-12.05,-12.237,-12.42,-12.598,-12.773,-12.944,-13.111,-13.273,-13.432,-13.586,-13.736,-13.882,-14.024,-14.161,-14.294,-14.422,-14.545,-14.665,-14.779,-14.889,-14.995,-15.095,-15.191,-15.283,-15.369,-15.451,-15.528,-15.6,-15.667,-15.73,-15.787,-15.84,-15.887,-15.93,-15.968,-16,-16.028,-16.051,-16.069,-16.081,-16.089,-16.092,-16.09,-16.082,-16.07,-16.053,-16.031,-16.004,-15.971,-15.934,-15.892,-15.845,-15.793,-15.736,-15.674,-15.608,-15.536,-15.46,-15.379,-15.293,-15.202,-15.106,-15.006,-14.901,-14.792,-14.678,-14.559,-14.436,-14.308,-14.176,-14.039,-13.898,-13.753,-13.603,-13.449,-13.291,-13.129,-12.963,-12.792,-12.618,-12.44,-12.258,-12.071,-11.882,-11.688,-11.491,-11.29,-11.086,-10.878,-10.666,-10.452,-10.234,-10.013,-9.7885,-9.5611,-9.3307,-9.0974,-8.8612,-8.6222,-8.3804,-8.136,-7.889,-7.6395,-7.3876,-7.1333,-6.8768,-6.618,-6.3571,-6.0942,-5.8293,-5.5626,-5.294,-5.0238,-4.7519,-4.4784,-4.2035,-3.9272,-3.6496,-3.3707,-3.0908,-2.8098,-2.5278,-2.245,-1.9613,-1.677,-1.3921,-1.1066,-0.82069,-0.53443,-0.2479,0.038812,0.32561,0.61242,0.89915,1.1857,1.472,1.758,2.0435,2.3285,2.6129,2.8966,3.1795,3.4616,3.7427,4.0228,4.3017,4.5795,4.8559,5.131,5.4047,5.6767,5.9472,6.2159,6.4829,6.748,7.0111,7.2722,7.5312,7.788,8.0426,8.2948,8.5445,8.7918,9.0365
7.6921,7.2554,6.817,6.3769,5.9354,5.4925,5.0485,4.6034,4.1573,3.7105,3.263,2.815,2.3666,1.918,1.4692,1.0205,0.57197,0.12373,-0.32408,-0.77131,-1.2178,-1.6635,-2.1082,-2.5518,-2.9941,-3.435,-3.8744,-4.3122,-4.7481,-5.1822,-5.6142,-6.044,-6.4714,-6.8965,-7.3189,-7.7387,-8.1556,-8.5696,-8.9805,-9.3881,-9.7924,-10.193,-10.591,-10.984,-11.374,-11.76,-12.142,-12.519,-12.892,-13.261,-13.626,-13.985,-14.34,-14.691,-15.036,-15.376,-15.711,-16.041,-16.365,-16.684,-16.997,-17.305,-17.607,-17.903,-18.193,-18.478,-18.756,-19.028,-19.293,-19.552,-19.805,-20.052,-20.291,-20.524,-20.751,-20.97,-21.183,-21.389,-21.588,-21.779,-21.964,-22.141,-22.312,-22.475,-22.63,-22.778,-22.919,-23.053,-23.179,-23.297,-23.408,-23.511,-23.606,-23.694,-23.774,-23.847,-23.912,-23.969,-24.018,-24.059,-24.093,-24.118,-24.136,-24.147,-24.149,-24.143,-24.13,-24.109,-24.08,-24.043,-23.998,-23.946,-23.886,-23.818,-23.742,-23.659,-23.568,-23.469,-23.363,-23.249,-23.127,-22.998,-22.862,-22.718,-22.566,-22.408,-22.242,-22.068,-21.888,-21.7,-21.506,-21.304,-21.095,-20.88,-20.658,-20.428,-20.193,-19.95,-19.701,-19.445,-19.184,-18.915,-18.641,-18.36,-18.074,-17.781,-17.482,-17.178,-16.868,-16.552,-16.231,-15.904,-15.572,-15.235,-14.893,-14.546,-14.193,-13.836,-13.475,-13.108,-12.738,-12.363,-11.983,-11.6,-11.212,-10.821,-10.426,-10.027,-9.6247,-9.219,-8.81,-8.3978,-7.9826,-7.5645,-7.1436,-6.7201,-6.294,-5.8655,-5.4348,-5.002,-4.5671,-4.1304,-3.6919,-3.2519,-2.8103,-2.3675,-1.9234,-1.4783,-1.0323,-0.58544,-0.13795,0.31005,0.75844,1.2071,1.6558,2.1045,2.5531,3.0013,3.4491,3.8963,4.3429,4.7885,5.2332,5.6768,6.1191,6.5601,6.9995,7.4372,7.8732,8.3072,8.7392,9.169,9.5965,10.022,10.444,10.864,11.281,11.695,12.105,12.513,12.917,13.318,13.716,14.109,14.499,14.885,15.267,15.644,16.017,16.386,16.751,17.111,17.466,17.816,18.161,18.501,18.836,19.166,19.49,19.809,20.123,20.43,20.732,21.028,21.319,21.603,21.881,22.153,22.418,22.678,22.93,23.177,23.416,23.649,23.876,24.095,24.308,24.514,24.713,24.904,25.089,25.266,25.437,25.6,25.755,25.903,26.044,26.178,26.304,26.422,26.533,26.636,26.731,26.819,26.899,26.972,27.037,27.094,27.143,27.184,27.218,27.244,27.261,27.272,27.274,27.268,27.255,27.234,27.205,27.168,27.123,27.071,27.011,26.943,26.867,26.784,26.693,26.594,26.488,26.374,26.252,26.123,25.987,25.843,25.691,25.533,25.367,25.193,25.013,24.825,24.631,24.429,24.22,24.005,23.783,23.553,23.318,23.075,22.826,22.571,22.309,22.04,21.766,21.485,21.199,20.906,20.607,20.303,19.993,19.677,19.356,19.029,18.697,18.36,18.018,17.671,17.318,16.961,16.6,16.234,15.863,15.488,15.108,14.725,14.337,13.946,13.551,13.152,12.75,12.344,11.935,11.523,11.108,10.69,10.269,9.8451,9.419,8.9906,8.5599,8.127
-47.083,-47.291,-47.483,-47.66,-47.822,-47.968,-48.099,-48.214,-48.313,-48.397,-48.466,-48.518,-48.555,-48.577,-48.582,-48.572,-48.547,-48.505,-48.448,-48.375,-48.287,-48.183,-48.064,-47.929,-47.778,-47.612,-47.431,-47.234,-47.022,-46.795,-46.552,-46.295,-46.023,-45.735,-45.433,-45.116,-44.785,-44.439,-44.078,-43.703,-43.314,-42.911,-42.494,-42.063,-41.619,-41.161,-40.689,-40.204,-39.706,-39.195,-38.671,-38.135,-37.586,-37.024,-36.451,-35.865,-35.268,-34.659,-34.039,-33.407,-32.764,-32.111,-31.446,-30.772,-30.087,-29.391,-28.687,-27.972,-27.248,-26.515,-25.773,-25.022,-24.262,-23.495,-22.719,-21.936,-21.144,-20.346,-19.541,-18.728,-17.909,-17.084,-16.253,-15.415,-14.572,-13.724,-12.871,-12.013,-11.15,-10.284,-9.4126,-8.538,-7.6598,-6.7784,-5.8941,-5.0071,-4.1176,-3.226,-2.3326,-1.4375,-0.54113,0.35632,1.2546,2.1533,3.0523,3.9512,4.8498,5.7479,6.6451,7.5411,8.4357,9.3287,10.22,11.109,11.995,12.878,13.759,14.636,15.51,16.38,17.245,18.107,18.963,19.815,20.662,21.503,22.339,23.168,23.992,24.809,25.62,26.423,27.22,28.009,28.79,29.563,30.329,31.086,31.834,32.574,33.305,34.026,34.738,35.44,36.132,36.814,37.486,38.148,38.798,39.438,40.066,40.684,41.289,41.883,42.466,43.036,43.594,44.139,44.672,45.192,45.7,46.194,46.675,47.143,47.598,48.038,48.465,48.879,49.278,49.663,50.034,50.39,50.732,51.06,51.372,51.67,51.954,52.222,52.475,52.713,52.936,53.144,53.336,53.513,53.675,53.821,53.952,54.067,54.167,54.251,54.319,54.372,54.409,54.43,54.436,54.426,54.4,54.359,54.302,54.229,54.14,54.037,53.917,53.782,53.631,53.465,53.284,53.087,52.875,52.648,52.406,52.148,51.876,51.589,51.286,50.97,50.638,50.292,49.931,49.557,49.168,48.765,48.348,47.917,47.472,47.014,46.542,46.057,45.559,45.048,44.525,43.988,43.439,42.878,42.304,41.719,41.121,40.512,39.892,39.26,38.618,37.964,37.3,36.625,35.94,35.245,34.54,33.825,33.101,32.368,31.626,30.875,30.116,29.348,28.572,27.789,26.998,26.199,25.394,24.581,23.763,22.937,22.106,21.269,20.426,19.578,18.724,17.866,17.004,16.137,15.266,14.391,13.513,12.632,11.747,10.86,9.9709,9.0794,8.1859,7.2908,6.3944,5.497,4.5988,3.7,2.801,1.9021,1.0035,0.10543,-0.79175,-1.6878,-2.5824,-3.4754,-4.3664,-5.2552,-6.1415,-7.0251,-7.9056,-8.7828,-9.6564,-10.526,-11.392,-12.253,-13.11,-13.962,-14.809,-15.65,-16.485,-17.315,-18.139,-18.956,-19.766,-20.57,-21.366,-22.155,-22.937,-23.71,-24.476,-25.233,-25.981,-26.721,-27.451,-28.173,-28.884,-29.587,-30.279,-30.961,-31.633,-32.294,-32.945,-33.585,-34.213,-34.83,-35.436,-36.03,-36.612,-37.182,-37.74,-38.286,-38.819,-39.339,-39.847,-40.341,-40.822,-41.29,-41.744,-42.185,-42.612,-43.025,-43.424,-43.81,-44.18,-44.537,-44.879,-45.206,-45.519,-45.817,-46.1,-46.368,-46.622,-46.86
